,price,teaser,plz,bundesland,description
1780673763,70.0,Swatch,1230.0,Wien,Swatch Irony Aluminium
1346994122,80.0,Andere Marken,1220.0,Wien,Oriosa
1515554614,1900.0,TAG Heuer,1180.0,Wien,TAG Heuer Link Calibre 36 El-Primero
1487998434,25.0,Andere Marken,1220.0,Wien,Bifora - Armbanduhr Damen
776530102,50.0,Andere Marken,9020.0,Kärnten,Marke Crell Armbanduhr im Chronolgraphen-Lock mit einem schwarzen. rot und grau gestreiften NATO-Armband Das Zifferblatt ist Schwarz mit gelben Akzenten und die Uhr verfügt über ein Präzises Quarzuhrwerk. Die Uhr hat eine neue Batterie
1693615823,155.0,Seiko,4614.0,Oberösterreich,Vintage SEIKO 5 mit 7009-876A dunkelgrau 37 mm aus Juli 1988
1311676541,25.0,Andere Marken,1220.0,Wien,AHS - Alfred Hirsch Armbanduhr
904659450,25.0,Andere Marken,1220.0,Wien,michel herbelin - Damenuhr
1545297307,25.0,Andere Marken,1220.0,Wien,Favorit - Armbanduhr Damen
1561456197,25.0,Andere Marken,1220.0,Wien,ZEWI - Swiss made
1784057541,25.0,Andere Marken,1220.0,Wien,Bifora - Armbanduhr Damen
2066481148,80.0,Swatch,1230.0,Wien,Swatch Irony Stanless Steel
1480569897,200.0,Nixon,4040.0,Oberösterreich,Nixon The Banks Uhr
1779794218,100.0,Armani,6380.0,Tirol,FÜR VALENTINSTAG ARMANI Armbanduhr
922141291,349.0,Andere Marken,4614.0,Oberösterreich,Vintage-Herrenuhr ROAMER Stingray Roto 44 Date
1118007310,225.0,Andere Marken,4614.0,Oberösterreich,Vintage-Herrenuhr DOXA by synchron
1687601674,139.0,Andere Marken,4614.0,Oberösterreich,Vintage-Herrenuhr BERGANA mit ETA 2752
1467993439,25.0,Andere Marken,6800.0,Vorarlberg,smart watch
807259881,80.0,Tommy Hilfiger,4040.0,Oberösterreich,Tommy Hilfiger Uhr
1928351103,10.0,Andere Marken,4540.0,Oberösterreich,Armbanduhr
2124201005,69.0,Andere Marken,8062.0,Steiermark,Armbanduhr
1187248013,70.0,Seiko,6020.0,Tirol,Seiko Sapphire
880871475,11990.0,Panerai,1210.0,Wien,Panerai Radomir 42mm
2127963429,10.0,s.Oliver,1220.0,Wien,Armbanduhr s. Oliver Silikon Wasserdicht.
1894290348,350.0,Citizen,8401.0,Steiermark,Citizen Eco-Drive Divers 200m (Tauchuhr)
1920118565,11799.0,Rolex,1010.0,Wien,(2025) Rolex Submariner No Date - 124060 - BRANDNEU
1114689603,129.0,Omega,4020.0,Oberösterreich,"Omega x Swatch MoonSwatch - Mission to the Moon ""Snoopy"" (Weiß)"
1560432763,40.0,Seiko,8243.0,Steiermark,Seiko Kinetic Auto Relay
1831290959,110.0,Seiko,8243.0,Steiermark,Seltene Seiko Premier Club Limited Edition Nr.1029/2000
1127970005,160.0,Seiko,3004.0,Niederösterreich,Seiko Quartz Armbanduhr
1015423542,130.0,Jacques Lemans,8062.0,Steiermark,Armbanduhr
895652308,289.0,Tissot,2103.0,Niederösterreich,TISSOT PRX GOLD 40MM
1797916169,100.0,Andere Marken,3340.0,Niederösterreich,Invicta Pro Diver
1236348789,10.0,Andere Marken,2351.0,Niederösterreich,Damenuhr
1433029771,10.0,Swatch,2351.0,Niederösterreich,Uhr
994628479,5.0,Andere Marken,3254.0,Niederösterreich,Uhr
1466987274,50.0,Andere Marken,2351.0,Niederösterreich,Uhr Pascal
1663556325,15.0,Andere Marken,2351.0,Niederösterreich,Uhr
1555697688,70.0,Casio,2020.0,Niederösterreich,Casio Edifice Uhr EFV-100D-1AV
1320440879,95.0,Michael Kors,1010.0,Wien,Michael Kors Uhr gold
1520557505,30.0,Andere Marken,1110.0,Wien,Herren Armbanduhr
1256026568,220.0,Andere Marken,4680.0,Oberösterreich,Herren-Chronograph Edelstahl - ETA Quarz - 41 mm - mit Originalbox
1819094958,100.0,Andere Marken,2351.0,Niederösterreich,NIKO SAN MARINO UHR
2072062993,19990.0,,40474.0,Düsseldorf,Vacheron Constantin Overseas Dual Time 41mm Automatik 7900V/110A-B333 Box + og. Papiere
2067272236,11250.0,,40474.0,Düsseldorf,Rolex Datejust 41mm Automatik 126334 Box + og. Papiere
1712026870,7990.0,,40474.0,Düsseldorf,Rolex Air King 40mm Automatik 126900 Box + og. Papiere
1693763702,4990.0,,40474.0,Düsseldorf,Franck Muller Vanguard 45mm Automatik V45SCDT Box + og. Papiere
798625976,12750.0,,40474.0,Düsseldorf,Rolex Submariner Date 'Kermit' 40mm Automatik 16610 Box + og. Papiere
1118223427,349.0,Gucci,2103.0,Niederösterreich,GUCCI WATCH LEDERARMBANDUHR EXKLUSIV
854781903,17750.0,,40474.0,Düsseldorf,Rolex Daytona 40mm Automatik 116520 Original Papiere
1882219790,9750.0,,40474.0,Düsseldorf,Rolex Submariner (No Date) 40mm Automatik 114060 Box + og. Papiere
1339613378,18990.0,,40474.0,Düsseldorf,Vacheron Constantin Overseas 41mm Automatik 4500V Box + og. Papiere
1276348306,23250.0,,40474.0,Düsseldorf,Audemars Piguet Code 11.59 Weißgold 41mm Automatik 26393CR.00 Box + og. Papiere
999449672,5750.0,,40474.0,Düsseldorf,Rolex Lady Datejust 26mm Automatik 69173 Original Papiere
1764663465,14990.0,,40474.0,Düsseldorf,Rolex GMT Master II 'Batman' 40mm Automatik 126710BLNR Box + og. Papiere
814815693,14250.0,,40474.0,Düsseldorf,Rolex Submariner Date 41mm Automatik 126613LN Box + og. Papiere
1883951875,20.0,Andere Marken,1150.0,Wien,Armbanuhr Weltkarten Quarz
1718717398,130.0,Seiko,8243.0,Steiermark,Seiko 5T52-6A40 World Timer Sports 150
912295468,60.0,Swatch,4061.0,Oberösterreich,Swatch Damenuhr Schwarz/ Rose-Gold
837337575,35.0,Andere Marken,1150.0,Wien,18K gold uhr
1256651031,69.0,Jacques Lemans,8062.0,Steiermark,Armbanduhr
1984203316,140.0,Seiko,8243.0,Steiermark,Seltene Seiko 7A38 7020 Royal Oak
2142318789,3.0,Andere Marken,7121.0,Burgenland,Wasserdichte Uhr
1373474313,170.0,Swarovski,2380.0,Niederösterreich,Swarovski Crystal Armbanduhr und Crystal Armband im Original Swarovski-Set
1956795660,3.0,Andere Marken,2822.0,Niederösterreich,"Werbeuhr 4 Durchmesser graviert ""40 Jahre Jubiläum"""
1163278074,145.0,Jacques Lemans,1200.0,Wien,Jacques Lemans Ceramic Armbanduhr
1153106120,300.0,Tissot,1180.0,Wien,"Tissot pr 100 Chronograph Stahl 38mm, Quarzwerk, Saphirglas"
1799688603,200.0,Cartier,1200.0,Wien,Welder Uhren unisex
1834468883,40.0,Swatch,1030.0,Wien,"Damenuhr, DC, blau, NEU"
1619184433,55.0,Andere Marken,6290.0,Tirol,SELECTA DE LUXE AHS VINTAGE RACING SPORT RETRO WATH HERREN UHR - KAUTSCHUK - RAR
1094714345,50.0,Fossil,8020.0,Steiermark,Fossil Damenuhr rosegold
996935489,45.0,Andere Marken,8020.0,Steiermark,Schweizer Damenuhr Delbana mit Handaufzug
1327544331,85.0,Festina,6290.0,Tirol,FESTINA SPORT-COLLECTION F16838 CHRONOGRAPH HERRENUHR - von SAMMLER
1144130583,129.0,Omega,4020.0,Oberösterreich,"Omega x Swatch MoonSwatch - Mission to the Moonphase ""Snoopy"" (Weiß)"
1792852308,15.0,Esprit,9020.0,Kärnten,Damen Armbanduhr
1328153167,110.0,Andere Marken,1200.0,Wien,Bering Damen Uhr
830960610,60.0,Guess,5020.0,Salzburg,Guess Uhr
2128667133,85.0,Andere Marken,6290.0,Tirol,6 Stück Automatik Herren Armbanduhren - von SAMMLER
1228276707,150.0,Tissot,5020.0,Salzburg,Tissot Armbanduhr
1803810868,15.0,Ice watch,7210.0,Burgenland,Ice watch pink
1462715590,275.0,Andere Marken,8114.0,Steiermark,Rado Diastar Quarz
1026976395,120.0,Citizen,1110.0,Wien,Uhr Citizen Modell: CA0695-84E
2127162815,2080.0,Glashütte,2752.0,Niederösterreich,Mühle Glashütte City-Automatic-I M1-33-10
802617221,45.0,Swatch,1050.0,Wien,Swatch Armbanduhr SBK105 1995 Aquachrono Overboard Brown Art
1512455510,100.0,Andere Marken,5020.0,Salzburg,Alpinestars Armbanduhr
1532732258,20.0,Esprit,3340.0,Niederösterreich,Esprit Arbanduhr
1225562115,20.0,Fossil,3340.0,Niederösterreich,Fossil Armbanduhr
2144137286,25.0,Andere Marken,1140.0,Wien,Folli Follie Uhr
1439186137,2100.0,Omega,2700.0,Niederösterreich,Omega speedmaster Automatic Chronograph Silber Dial
876822894,12780.0,Rolex,4020.0,Oberösterreich,Rolex Datejust 41 blau 126334
895313827,15650.0,Rolex,4020.0,Oberösterreich,Rolex GMT Master II 126710BLNR Batgirl
1646099737,19150.0,Rolex,4020.0,Oberösterreich,Rolex GMT Master II 126710BLRO Pepsi
1985006204,18450.0,Rolex,4020.0,Oberösterreich,Rolex GMT Master II 126711CHNR Rootbeer
1724919642,18500.0,Rolex,4020.0,Oberösterreich,Rolex Submariner 116610LV Hulk
929040698,18500.0,Rolex,4020.0,Oberösterreich,Rolex GMT Master II 126710GRNR Bruce Wayne
1975979814,13490.0,Rolex,4020.0,Oberösterreich,Rolex Submariner 126610LV Starbucks 2024
1533453085,11700.0,Rolex,4020.0,Oberösterreich,Rolex Submariner Date 126610LN 2023
1934033276,15550.0,Rolex,4020.0,Oberösterreich,Rolex GMT Master II 126710BLNR Batman
815126333,65.0,Calvin Klein,2410.0,Niederösterreich,Calvin Klein Uhr
1661676207,2200.0,Cartier,6840.0,Vorarlberg,Cartier Pasha Chronograph
2047254119,15.0,Andere Marken,5201.0,Salzburg,Armbanduhr CMI 577678 - Vintage
953827723,80.0,Diesel,9020.0,Kärnten,Marke Diesel Mr. Daddy Herrenuhr Modelnummer DZ7313. Diese Uhr ist für Ihr großes. markanets Desigen und mehrere Zeitzone-Anzeigen bekannt. Edelstahl. Schwarze beschichtete
1179655241,245.0,Tissot,1150.0,Wien,Tissot Herrenuhr Chrono XL
815620215,6.0,Andere Marken,5081.0,Salzburg,Armbanduhr Tom Watch
1325916452,125.0,Andere Marken,2824.0,Niederösterreich,URECH Armbanduhr AUTOMATIC 70er Jahre
1371417406,70.0,Tommy Hilfiger,4160.0,Oberösterreich,Uhr
1294043667,180.0,Andere Marken,1180.0,Wien,"Damen Armbanbuhr COROCRAFT mit Handaufzug, 17 cm mit Holzstapelmuster Vintage aus den 70iger Jahren"
1173132494,5.0,Andere Marken,9620.0,Kärnten,"2 neue unbenutzte Armbanduhren, Uhren"
777360769,25.0,Andere Marken,1210.0,Wien,KIDDUS TIME TEACHER Classic Uhr - Classic Dino NEU
1071971885,40.0,DKNY,2212.0,Niederösterreich,DKNY Damenuhr
1997211066,40.0,Festina,7011.0,Burgenland,Festina Damenuhr - neu
1797862082,15.0,s.Oliver,7011.0,Burgenland,s. Oliver Silikonuhr braun
2105759370,35.0,Andere Marken,4221.0,Oberösterreich,Damen Uhr Just Cavalli Quarz 37 mm
1885955088,8.0,Bruno Banani,7011.0,Burgenland,Bruno Banani Damenuhr
1771774434,242.4,Andere Marken,1200.0,Wien,Zeppelin LZ 14 Marine 8888-3 | Chronograph mit blauem Zifferblatt | Lederband | Tachymeter und Telemeter | neuwertig mit Zertifikat. | Zustand: Sehr Gut #2054036
1803263983,399.9,,1200.0,Wien,D1 Milano Automatico 4J0030A | Herrenuhr mit schwarzem Zifferblatt und Edelstahlarmband | inklusive Originalverpackung (mit Originalverpackung). | Zustand: Neu #2054127
1207503324,300.6,,1200.0,Wien,Versace V-Tribute Damen Quarz Gold/Schwarz | Damen-Armbanduhr mit schwarzem Zifferblatt | goldfarbenem Gehäuse und schwarzem Lederarmband mit Medusa-Nieten | mit Originalverpackung. | Zustand: Wie Neu #2051002
788854679,249.9,Seiko,1020.0,Wien,Seiko Velatura Kinetic GMT (2024) | Kinetic GMT Uhrwerk | 24h-Lünette | schwarzes Zifferblatt | Originalbox | Band beschädigt. | Zustand: Gebraucht\n #1217684
1222961394,739.0,Andere Marken,1100.0,Wien,Uhr
1240786115,649.8,Andere Marken,1050.0,Wien,Frederique Constant FC292X4T5/6 | mit Metallband. | Zustand: Gut #552013
1872138736,227.91,,1050.0,Wien,Maurice Lacroix Classic 41149 Gold | Elegante Quarzuhr mit weißem Zifferblatt und braunem Lederarmband | Referenz 41149. | Zustand: Gut #565471
848823852,55.0,Swatch,1140.0,Wien,"elegante Swatch Irony Armbanduhr, Modell AG1993"
867318646,15.0,Andere Marken,9020.0,Kärnten,"Marke und model Oulm 1349 Herren Quarz Uhr mit großen Zifferblatt als Iron Man Uhr bezeichnet. Die Uhr verfügt übermehrere Zifferblatter dass, der Kompass und das Thermometer Nur zur Dekoration. Die Uhr hat Neue Batterie"
1553329890,80.0,Jacques Lemans,1140.0,Wien,Jacques Lemans Herren-Chronograph - Modell 1-1179
794659262,500.0,TAG Heuer,1180.0,Wien,TAG Heuer Formula 1 Red 43mm Quartz
1828650306,234.91,Citizen,1050.0,Wien,Citizen AT8263-10H | Eco-Drive | Radiocontrolled Chronograph | goldfarbenes Edelstahl | braunes Leder | mit Originalverpackung | Zustand: Sehr Gut #562624
833756184,25.0,Tommy Hilfiger,1040.0,Wien,Tommy Hilfiger Damenuhr
174815051,500.0,Andere Marken,1220.0,Wien,Ferre Milano Herrenuhr A402
2122741704,558.0,Andere Marken,1100.0,Wien,Uhr
1361598390,180.0,Andere Marken,8020.0,Steiermark,Holzkern-Uhr
1282395994,750.0,Longines,8020.0,Steiermark,Longines Uhr
1741324292,89000.0,Rolex,2500.0,Niederösterreich,"Rolex GMT Master II Ref.116748SARU + Ankauf, Verkauf, Belehnung"
1349589988,5.0,Andere Marken,1210.0,Wien,Armbanduhr
1061375697,90.0,DKNY,7210.0,Burgenland,DKNY Armbanduhr
991458364,60.0,Andere Marken,7061.0,Burgenland,Armbanduhren
1596877586,120.0,Citizen,8020.0,Steiermark,Citizen Eco Drive Damen Armbanduhr
2039803059,100.0,Michael Kors,3388.0,Niederösterreich,Michael Kors Uhr
1398549807,40.0,Fossil,1110.0,Wien,Fossil Armbanduhr - Lederarmband - Chronograph (Batterie leer)
1849685571,250.0,Andere Marken,4893.0,Oberösterreich,C. W Aston Martin DB5 Metall Ziffernblatt Handaufzug
1062579652,2.0,Andere Marken,5211.0,Oberösterreich,Neue Armbanduhr in Rosé
1558654889,20.0,Diesel,4733.0,Oberösterreich,Diesel Herrenuhr
2027152464,25.0,Fossil,4020.0,Oberösterreich,"Uhr, Armbanduhr, Fossil"
1145379061,5150.0,Omega,5020.0,Salzburg,Omega Speedmaster Professional Moonwatch 3570.50.00 Hesalit Fullset 2005 + 1171 Armband
994671930,15.0,Esprit,1150.0,Wien,Esprit Uhr
1970677142,65.0,Tommy Hilfiger,9300.0,Kärnten,Herrenarmbanduhr
786510243,4990.0,Rolex,8271.0,Steiermark,Rolex Perpetual Lady 67193 + Papiere und original Box (FULLSET)
1224873949,3590.0,Rolex,8271.0,Steiermark,Rolex Precision 6694 + Echtheitszertifikat und original Box
1919363038,5190.0,Rolex,8271.0,Steiermark,Rolex Datejust 1601 + Echtheitszertifikat und original Box
1510656934,90.0,Swatch,1220.0,Wien,Swatch Uhr Damen
1812505006,3890.0,Rolex,8271.0,Steiermark,(reserviert) Rolex Perpetual 1500 + Echtheitszertifikat und original Box
1128030415,7290.0,Rolex,8271.0,Steiermark,(reserviert) Rolex Datejust 16233 + Papiere und original Box (FULLSET)
1032481589,4890.0,Rolex,8271.0,Steiermark,Rolex Datejust 1601 + Echtheitszertifikat und original Box
775253926,5290.0,Rolex,8271.0,Steiermark,Rolex Datejust 1601 + Echtheitszertifikat und original Box
1346974963,4990.0,Rolex,8271.0,Steiermark,(reserviert) Rolex Datejust 1601 + Echtheitszertifikat und original Box
1951598918,5190.0,Rolex,8271.0,Steiermark,Rolex Datejust 1601 + Echtheitszertifikat und original Box
1824293537,7390.0,Rolex,8271.0,Steiermark,Rolex Datejust 16234 + Papiere und original Box (FULLSET)
1988491586,3.0,Andere Marken,9500.0,Kärnten,Armbanduhr
1571201318,7390.0,Rolex,8271.0,Steiermark,(reserviert) Rolex Datejust 16233 + Papiere und original Box (FULLSET)
815824206,6490.0,Rolex,8271.0,Steiermark,Rolex Datejust 16013 + Papiere und original Box (FULLSET)
1805604391,7190.0,Rolex,8271.0,Steiermark,Rolex Datejust 16233 + Papiere und original Box (FULLSET)
1785909042,80.0,Tommy Hilfiger,5145.0,Oberösterreich,Tommy Hilfiger Armbanduhr
1361589215,200.0,Gucci,8055.0,Steiermark,GUCCI Uhr
985552546,45.0,Tommy Hilfiger,8054.0,Steiermark,Tommy Hilfiger Herrenarmbanduhr
1158746864,35.0,Swatch,1110.0,Wien,Swatch Hoheit von Zermatt 1867704
2012605458,280.0,Police,6122.0,Tirol,Justice League Police Uhr neu
984093765,50.0,Andere Marken,5145.0,Oberösterreich,Armbanduhr
886422847,145.0,Andere Marken,8130.0,Steiermark,Armbanduhren - Konvolut
1705335858,215.0,Seiko,1210.0,Wien,007 Spectre james bond mod Armbanduhr Automatic Uhr seamaster stil
1699853942,130.0,Andere Marken,8130.0,Steiermark,Armbanduhren - Konvolut
1774100601,550.0,Police,6122.0,Tirol,Police Uhr Batman vs Superman NEU
1401903427,1500.0,Andere Marken,8544.0,Steiermark,Damenuhr Mathis Montabon MM-28 Noblesse Lady blau
1033253621,250.0,Tissot,1100.0,Wien,Tissot PRX Babyblau
1608090412,10.0,Esprit,1030.0,Wien,ESPRIT Quarzuhr
1263265751,10.0,Andere Marken,1120.0,Wien,Irish Moos Parfums Quarzuhr× NEU×ungetragen×
1545568889,10.0,Andere Marken,1110.0,Wien,QUARZUHR DAMEN
1150113108,6999.0,Omega,1100.0,Wien,Omega Speedmaster Moonwatch Professional White Dial Full Set
1360448501,20.0,Andere Marken,1120.0,Wien,* Neu ++ Herrenuhr Quarz ++ Neu *
1107343635,10.0,Seiko,1110.0,Wien,SEIKO Quarzuhr Damen
1406477594,800.0,Tissot,4053.0,Oberösterreich,Tissot T-TOUCH CONNECT SPORT
1373569159,10.0,Andere Marken,1120.0,Wien,4711 Quarzuhr NOS ungetragen
1373569159,10.0,Andere Marken,1120.0,Wien,4711 Quarzuhr NOS ungetragen
1150184069,45.0,Andere Marken,1030.0,Wien,Neue Seemanns Uhr limitiert
1930309126,10.0,Andere Marken,1110.0,Wien,Quarzuhr
993200967,15.0,Citizen,3751.0,Niederösterreich,Armbanduhren
1799754338,45.0,Andere Marken,4020.0,Oberösterreich,"Armbanduhr, Lederband, Stahl"
1693965477,10.0,Andere Marken,1030.0,Wien,Neue Uhr ungetragen
1370067106,35.0,Swatch,1110.0,Wien,Swatch Irony Big Happy Joe Silver YGS413G
1807802543,20.0,Andere Marken,1100.0,Wien,Breil Damenuhr
792723116,10.0,Andere Marken,1110.0,Wien,Herren Quarzuhr ++ NEU UNGETRAGEN ++
1828903642,125.0,Andere Marken,4893.0,Oberösterreich,Taucher Uhr mit Stahlband und Schnellverstellung
1541394204,80.0,Andere Marken,6900.0,Vorarlberg,Armbanduhr Handaufzug Herren
1028924044,669.0,Andere Marken,7522.0,Burgenland,Lip Nautic Ski Super Compressor ZRC France Armband
1724730553,300.0,Tissot,1110.0,Wien,Tissot Touch II
1197902460,15.0,Seiko,1110.0,Wien,SEIKO Quarzuhr Damen
1141812487,25.0,Jacques Lemans,5201.0,Salzburg,Armbanduhr Jacques Lemans 11-2030.1-3 - NEU
1270970650,10.0,Andere Marken,1030.0,Wien,5 Armbanduhren - Herren bzw. Unisex
1386901596,1049.0,Andere Marken,7522.0,Burgenland,"CERTINA DS Chronograph Automatik Sonderedition Michael Doohan, limitierte Auflage 1000/611 Valjoux 7750"
1854183784,40.0,Andere Marken,8642.0,Steiermark,Herren Armbanduhr
1623674485,766.0,Seiko,7522.0,Burgenland,SEIKO 5 Sports Speed Timer Chronograph Rally 7017-6050 Kal. 7017A Automatik
941396653,614.0,Seiko,7522.0,Burgenland,"Seiko Chronograph 6139 8020 Automatik, schokoladenbraunes Zifferblatt"
1387423314,2250.0,Andere Marken,1120.0,Wien,Rado Uhren
1648202120,175.0,Andere Marken,1030.0,Wien,Lacher Automatikuhr (LACO - LACHER & Co.)
861881997,20.0,DKNY,4070.0,Oberösterreich,DKNY Damenuhr
1262246690,35.0,Swatch,1110.0,Wien,"Swatch Irony Scuba Beach Rider 1994, YDS102, Edelstahl"
902457345,3800.0,TAG Heuer,2500.0,Niederösterreich,Tag Heuer Link Lady Quarz Uhr - Vollset
1172802581,80.0,Andere Marken,1030.0,Wien,Welder Moody Herren-Armbanduhr
1169868597,161.0,Michael Kors,2752.0,Niederösterreich,Michael Kors Chronograph Parker
2024322379,500.0,Andere Marken,4893.0,Oberösterreich,Goldene Delbana Dresswatch SW-200-1 Automatik Neuauflage NP 1200€
1204843104,220.0,Jacques Lemans,6074.0,Tirol,Uhr
1717312211,20.0,DKNY,1150.0,Wien,DKNY Damen Uhr
1425886031,5.0,Andere Marken,8753.0,Steiermark,Damen Armbanduhr Anna Field roséfarben
1928316349,4500.0,Andere Marken,7000.0,Burgenland,Uhren
1516359703,20.0,Andere Marken,4261.0,Oberösterreich,Armbanduhr WWG
945729585,15.0,Andere Marken,1200.0,Wien,Gino Rossi Armbanduhr
1585157237,129.0,Andere Marken,3200.0,Niederösterreich,Japan Chronograph Racer inklusive Anleitung
919594505,170.0,Michael Kors,1100.0,Wien,Michael Kors Damenuhr
1845067113,220.0,Longines,1150.0,Wien,Longines Damenuhr vergoldet
2024096511,250.0,Andere Marken,3200.0,Niederösterreich,Edelstahl Armbanduhr Mechanische Swiss Made ca. 1945 Eloga 17 Rubis
1363266186,149.0,Andere Marken,5020.0,Salzburg,Furla Uhr gold silber
1352957367,450.0,Omega,4680.0,Oberösterreich,(reserviert) Omega Genève - Vintage 1960
1657815325,0.0,Ice watch,3200.0,Niederösterreich,ICE Watch
1143446050,25.0,Ice watch,4611.0,Oberösterreich,ICE Watch
1153777290,150.0,Seiko,8072.0,Steiermark,Seiko Mod Nautilus Chrono Design NEU
1694718614,8500.0,Rolex,2500.0,Niederösterreich,"Rolex Datejust 31 Ref.178243 + Ankauf, Verkauf, Belehnung"
1045398968,149.0,Andere Marken,1140.0,Wien,Forge & Foster Uhr
1027700505,19980.0,Rolex,2500.0,Niederösterreich,"Rolex Day-Date 36 Black Factory Diamonds Ref.18049 B+P + Ankauf, Verkauf, Belehnung"
2109378590,40.0,Andere Marken,1120.0,Wien,Armbanduhr Laks
1239180872,40.0,Andere Marken,1120.0,Wien,Alez Max Armbanduhr!
1651962945,15.0,Andere Marken,1210.0,Wien,Herrenuhr mit Arbischen Ziffernblatt
1724350307,12.0,Andere Marken,2522.0,Niederösterreich,Herrenarmbanduhr
1629824297,290.0,Zenith,3350.0,Niederösterreich,"Zenith Time Command Futur Digital/ Analog, 1970s"
844468278,18900.0,Rolex,2500.0,Niederösterreich,"Rolex Datejust 36 Black Dial Diamond Ref.126284RBR + Ankauf, Verkauf, Belehnung"
1795930086,200.0,Andere Marken,4893.0,Oberösterreich,Agelocer 80 Gangreserve Automatik Dresswatch sehr edel!
1107452220,3990.0,Panerai,1010.0,Wien,Panerai Luminor Marina Logo PAM00778
1074967707,399.0,Andere Marken,7522.0,Burgenland,"Mondia Friendship Diver, schwarzes Zifferblatt"
1325845018,3490.0,Panerai,1010.0,Wien,Panerai Radiomir PAM00753
1791370263,10.0,Andere Marken,4050.0,Oberösterreich,Herren Armbanduhr
1379924470,10800.0,Rolex,1010.0,Wien,Rolex Submariner Date No Hole
965112428,250.0,Jacques Lemans,9330.0,Kärnten,Herrenuhr
1885766423,5950.0,Omega,3430.0,Niederösterreich,"Omega Speedmaster Professional ""Panda"" - Apollo 11 35th Anniversary Umbau"
1520130989,6450.0,Rolex,1010.0,Wien,Rolex Explorer II No Hole
1257720548,6250.0,Rolex,1010.0,Wien,Rolex Explorer II
2079645778,1890.0,Andere Marken,1180.0,Wien,Baum&Mercier Clifton Stahl Gold neu
2118801088,570.0,Andere Marken,1180.0,Wien,Fortis Fliegeruhr
812779131,50.0,Andere Marken,2325.0,Niederösterreich,Liebeskind Uhr
1366907493,2480.0,Tudor,1180.0,Wien,Tudor Black Bay Bronze Full Set
1434647234,2.0,Andere Marken,4150.0,Oberösterreich,Armbanduhr
823284678,990.0,Andere Marken,1180.0,Wien,Jorg Hysek Automatik Uhr
1955153109,40.0,Andere Marken,1170.0,Wien,"Vintage: Weiße Uhr mit originellem Zifferblatt, Lederband, aus den späten 80ern, mit Original Behältnis, getragen"
1553904492,25.0,Daniel Wellington,6300.0,Tirol,Daniel Wellington Uhr
1643358986,1980.0,TAG Heuer,1180.0,Wien,Tag Heuer Calibre 16
1939661523,25.0,Andere Marken,1220.0,Wien,"Damen Uhr ""Laura Di Sarpi"";"
1010809869,40.0,Guess,4030.0,Oberösterreich,Damen Armbanduhr Guess
2139239690,75.0,Andere Marken,1220.0,Wien,"Royal Damenuhr, Quarz; Model Nr. 48930;"
1768303789,279.0,Tissot,47475.0,,Schöne ungetragene Tissot PR516 Automatic Calendar Herren Vintage Armbanduhr
1183433318,200.0,Andere Marken,1050.0,Wien,Uhr Sector Chronograf 220
1586268712,20.0,Fossil,1020.0,Wien,Damenuhr Fossil
1337481306,7900.0,IWC,1030.0,Wien,Iwc WEISSGOLD
926336648,70.0,Jacques Lemans,1140.0,Wien,"Jacques Lemans Chronograph - Edelstahl, Lederarmband, Top Zustand"
1652222526,150.0,Maurice Lacroix,8700.0,Steiermark,ORIGINAL Maurice Lacroix Damen Uhr bicolor inklusive ORIGINALBOX
849843211,55.0,Seiko,1210.0,Wien,Seiko uhr
1748190834,99.0,Fossil,1210.0,Wien,Fossil Uhr
1875365374,35.0,Swatch,5026.0,Salzburg,Original Swatch Plastic Chronograph Uhr Chrono Armbanduhr Herren Männer sportlich all black schwarz Sport guter Zustand
1702763321,11700.0,Rolex,1220.0,Wien,Rolex Datejust 36 Ref. 126234 Mint Green
1388289447,160.0,Andere Marken,1050.0,Wien,Maserati Uhr
1856813173,5.0,Swatch,3353.0,Niederösterreich,Uhr
779052049,690.0,Andere Marken,3591.0,Niederösterreich,Fortis Ducati Armbanduhr Limited Edition Nr.96 von 2000
2116311799,150.0,Tissot,1170.0,Wien,TISSOT PRC 100 TITANIUM
1504387227,10.0,Andere Marken,1150.0,Wien,Smart watch
929715751,6950.0,Cartier,2500.0,Niederösterreich,"Cartier Santos de Cartier Green Dial Ref.WSSA0062 + Ankauf, Verkauf, Belehnung"
1740196382,80.0,Swatch,2331.0,Niederösterreich,Swatch turquoise rebel
2144509738,130.0,Swatch,2331.0,Niederösterreich,Swatch Uhr how majestic
1643249771,16.0,Swatch,9020.0,Kärnten,SWATCH SWISS-UHR
1219321042,15.0,Andere Marken,1140.0,Wien,Vintage Uhr
2109754454,5590.0,Tudor,4050.0,Oberösterreich,Tudor Oysterdate Big Block 94300
1834189244,10.0,Swatch,1120.0,Wien,"Swatch ""Big Bolt"" Schachtel"
1065572080,6500.0,Andere Marken,2500.0,Niederösterreich,"Blancpain Villeret Moonphase Ref.6595 BJ.1994 + Ankauf, Verkauf, Belehnung"
1290082646,180.0,Police,1050.0,Wien,Police Herren Uhr
1355883474,5.0,Andere Marken,4470.0,Oberösterreich,Damenuhr alte Armbanduhr JIEHAO Quartz
1573484750,200.0,Guess,1050.0,Wien,Herren uhr
1432026351,12.0,Cluse,1140.0,Wien,Armbanduhr Cluse
1461292975,59.0,Junghans,8530.0,Steiermark,Junghans Trilastic 34 mm Edelstahlgehäuse
2138957957,600.0,Diesel,1230.0,Wien,Diesel Dark Knight
1434565686,9.0,Andere Marken,1130.0,Wien,Armbanduhr NEU
1195950403,250.0,Fossil,5400.0,Salzburg,"verkaufe 5 Uhren Fossil, Superdry, Godix - Gesamtpreis!"
1575130180,450.0,Rolex,1130.0,Wien,Vintage 1960-er Rolex Leather Watch Case
974852540,50.0,Michael Kors,3325.0,Niederösterreich,Herren- und Damenuhr
1191107133,1500.0,Porsche,2482.0,Niederösterreich,Porsche Design Titanium Uhr
801305670,19900.0,Rolex,6800.0,Vorarlberg,"ROLEX GMT II BLRO - Pepsi- ungetragen 2020 mit Erstkaufrechnung, LC 100"
1709386071,800.0,Andere Marken,3143.0,Niederösterreich,Weltzeit Uhr
886742132,12900.0,Andere Marken,2500.0,Niederösterreich,"Audemars Piguet Royal Oak Lady Ref.67601ST.ZZ + Ankauf, Verkauf, Belehnung"
1682071142,130.0,Michael Kors,4030.0,Oberösterreich,Michael Kors Uhr -Herren
2064727637,300.0,Andere Marken,4030.0,Oberösterreich,"""Royal Oak"" Optik Mod Uhr - Neu - blaues Ziffernblatt"
1218167463,115.0,Diesel,4030.0,Oberösterreich,Diesel Uhr -Herren
869088903,4800.0,Zenith,5020.0,Salzburg,Luxus Uhr Zenit Pilot Extra Spezial 44mm Durchmesser
1988713555,50.0,Andere Marken,4040.0,Oberösterreich,Uhren
1581548227,15.0,Andere Marken,1100.0,Wien,Curren Uhr / Quvarc
901389505,370.0,Andere Marken,1030.0,Wien,Longines Ultronic XXL Vintage Stimmgabeluhr Jumbo 41x44 mm
1554412833,50.0,Andere Marken,1140.0,Wien,Herren raymar uhr skelett
2015093822,23800.0,Andere Marken,2500.0,Niederösterreich,"Audemars Piguet Royal Oak Blue Dial Ref.25730ST + Ankauf, Verkauf, Belehnung"
1838239206,15.0,Andere Marken,1100.0,Wien,Curren Uhr / Quvarc
1007166030,100.0,JOOP,8401.0,Steiermark,Joop Damenuhr Neu
1179279415,20.0,Andere Marken,2700.0,Niederösterreich,Konvolut Uhren
1962297995,299.0,Citizen,4050.0,Oberösterreich,Citizen Armbanduhr Eco-Drive Stahl Mond
1547165094,65.0,Fossil,3511.0,Niederösterreich,FOSSIL-ARMBANDUHR
1141183213,160.0,Jacques Lemans,4053.0,Oberösterreich,NEU! Jacques Lemans Design Collection
1211665863,1650.0,Andere Marken,84387.0,Julbach,"Mariage Girard Perregaux 42,5mm neu von Uhrmacher Meister gebaut"
1067235677,130.0,Thomas Sabo,2023.0,Niederösterreich,Thomas Sabo Damenuhr
1933082199,50.0,Diesel,8200.0,Steiermark,Diesel Uhr Herren Grau
1475152284,50.0,Casio,8200.0,Steiermark,Casio Herren Armbanduhr
2080063825,999.0,Omega,5321.0,Salzburg,Omega Seamaster 200
1410629476,1999.0,Andere Marken,1020.0,Wien,Montblanc Star Legacy Moonphase wie NEU
1671301890,20.0,s.Oliver,3580.0,Niederösterreich,S. Oliver Fußball Uhr
1922397652,40.0,Boss,1220.0,Wien,Boss Herrenuhr
1778491148,50.0,Seiko,6020.0,Tirol,Pierre Cardin Herrenuhr mit Milanaise-Armband in Gold
847395628,25.0,Andere Marken,1160.0,Wien,Uhr - weiß - Perlmutt
914163199,25.0,Boss,1220.0,Wien,Boss Herren Armbanduhr
1968894420,170.0,Andere Marken,1220.0,Wien,Estia Handaufzug
1325667252,70.0,Casio,1220.0,Wien,Casio
2089849574,130.0,Andere Marken,1220.0,Wien,Jacquet Girard Geneve Automatic
1609045287,70.0,Seiko,1220.0,Wien,Seiko Damenuhr
807889834,15.0,Jacques Lemans,5741.0,Salzburg,Jacques Lemans Armbanduhr schwarz Damen
1025289347,30.0,Andere Marken,1230.0,Wien,Spaceman audacieuse Armband
1147149937,20.0,s.Oliver,1110.0,Wien,Uhr
1798026661,99.0,Andere Marken,1230.0,Wien,Quartz Armbanduhr
1414758412,100.0,Michael Kors,84489.0,burghausen,Michael Kors Uhr
1782431349,20.0,Andere Marken,4360.0,Oberösterreich,Sector Adventure
1588119827,150.0,Swatch,4050.0,Oberösterreich,"Swatch von 1986 JELLY FISH, neuwertiger Zustand"
1966895309,85.0,Esprit,6300.0,Tirol,Esprit Armbanduhr
1844107226,19.0,Fila,1190.0,Wien,Armbanduhr von FILA
1391651966,800.0,Swatch,1220.0,Wien,Swatch Irony Sammlung
2107785875,3500.0,Andere Marken,2120.0,Niederösterreich,CERTINA 1888 DS 100M/230Ft SWISS MADE
1786710262,10.0,Swatch,6020.0,Tirol,2 x swatch bitte Fotos beachten
1182152361,12.0,Andere Marken,3372.0,Niederösterreich,Damenuhr
1348069781,75.0,Andere Marken,1230.0,Wien,Sternglas Zeitmesser
1420759609,100.0,Thomas Sabo,1160.0,Wien,Armbanduhr Damen Thomas Sabo
1005153169,60.0,Swatch,5600.0,Salzburg,Swatch Pay Special Edition
1602249216,25.0,Andere Marken,1200.0,Wien,Armbanduhr Vintage
853493564,50.0,Andere Marken,1140.0,Wien,Onsa Damenuhr aus den 60er
1050172006,249.0,Andere Marken,1210.0,Wien,Schilling 2001 Armbanduhr Rarität
1622207646,59.0,Andere Marken,1210.0,Wien,Uhr Neu
983591432,29.0,Andere Marken,3910.0,Niederösterreich,Armbanduhren
1800604623,26.0,Andere Marken,3910.0,Niederösterreich,Armbanduhren
1630593586,20.0,Andere Marken,1210.0,Wien,Herren Armbanduhr
1400148780,60.0,Swatch,1210.0,Wien,Armbanduhr
2078084237,22.0,Swatch,8164.0,Steiermark,Swatch Herren Armbanduhr blau
1903657114,59.0,Andere Marken,1210.0,Wien,Uhr Neu
1353119584,15.0,Andere Marken,1210.0,Wien,Damenuhr
2065843449,300.0,Andere Marken,2241.0,Niederösterreich,Salvatore Ferragamo Uhr Modell 'Idillio'
2034770228,5.0,Andere Marken,1210.0,Wien,Damenarmbanduhr
1253507048,149.0,Andere Marken,1210.0,Wien,Coca Cola Uhr Neu
2043336067,55.0,Daniel Wellington,8523.0,Steiermark,Daniel Wellington
1740400100,110.0,Andere Marken,3851.0,Niederösterreich,Tourist Handaufzugsuhr
1050798160,240.0,Andere Marken,1040.0,Wien,Antoine Nicolas 1986 - Amalfi | Submariner Style - Taucheruhr | Neu & Ungetragen
1328635927,119.0,Andere Marken,3851.0,Niederösterreich,Osco Swiss Uhr
2125092661,780.0,Omega,42656.0,Solingen,Omega Constellation Damenuhr Stahl Gold
1630572321,179.0,Andere Marken,9020.0,Kärnten,Philipp Blanc Uhr
1122217999,30.0,Andere Marken,1030.0,Wien,O Bag Uhr
1093942795,599.0,Omega,8077.0,Steiermark,"Omega Genève Vintage Automatikuhr Ref. 162.009, Kaliber 562"
1491805264,250.0,Seiko,8184.0,Steiermark,Seiko Daytona Black Dial Mod
1661741158,125.0,Andere Marken,1100.0,Wien,Burberry Uhr
832344906,150.0,Diesel,4614.0,Oberösterreich,Diesel on smart hybrid Watch Armbanduhr
1462787575,40.0,Andere Marken,4040.0,Oberösterreich,ZX Design Vintage Uhr Armbanduhr Silber Braun
822078269,45.0,Andere Marken,1100.0,Wien,Mühle Glashüte
842493869,149.0,Andere Marken,1210.0,Wien,Ferrari Armbanduhr Swiss Made
1810667335,15490.0,Rolex,1090.0,Wien,Rolex Yachtmaster II - Full Set - Ref : 116680 Neues Modell ! Achtung für Vergleiche
1582164361,99.0,Diesel,1110.0,Wien,Armbanduhr Diesel Gold
1534611691,199.0,Armani,9020.0,Kärnten,Armani Uhr
1350948931,5300.0,Omega,1130.0,Wien,Omega Speedmaster Professional
827531860,129.0,Guess,9020.0,Kärnten,Guess Herren Chronograph
899028390,10.0,Fossil,6542.0,Tirol,Armbanduhr Fossil Echtleder
923826554,350.0,Andere Marken,9020.0,Kärnten,Elysee Uhr
1933909154,660.0,Omega,2232.0,Niederösterreich,Omega Handaufzug
1931263441,20.0,Andere Marken,6542.0,Tirol,Roxy Armbanduhr
1586831409,13.0,Andere Marken,1140.0,Wien,Meister Anker Damen-Armbanduhr
2018307602,35.0,Andere Marken,1140.0,Wien,Ingersoll Skeleton Automatikuhr - Limited Edition - defekt
1568992394,13.0,Andere Marken,1140.0,Wien,Meister Anker Herrenuhr in original Verpackung
1058970381,560.0,Omega,1140.0,Wien,Seltene Omega Art Déco Handaufzugsuhr
1716624724,5.0,Andere Marken,1140.0,Wien,Herren Armbanduhr Marke Louis neu
1534448913,180.0,Tissot,1150.0,Wien,3 Armbanduhren Tissot / Nixon / Kerbholz
1691847010,99.0,Swatch,3400.0,Niederösterreich,Swatch Rosso Corsa SFB 102
1964574287,130.0,Swatch,3400.0,Niederösterreich,Swatch Jelly Skin SFK 100
942165922,9400.0,Rolex,4061.0,Oberösterreich,Rolex
1139436847,249.0,Seiko,2431.0,Niederösterreich,Seiko Chariot Snow Flake
953356816,20.0,Cluse,2401.0,Niederösterreich,Cluse Uhr
2031554365,25.0,Calvin Klein,2401.0,Niederösterreich,Calvin Klein Uhr
1494271204,19500.0,Rolex,1140.0,Wien,Rolex Day Date President 36mm
1702658818,195.0,Andere Marken,2722.0,Niederösterreich,Junkers Wellblech 9.02.03.03 Armbanduhr
1277861429,45.0,Fossil,1160.0,Wien,Fossil Damenuhr
1450673603,120.0,Diesel,1160.0,Wien,Diesel Herrenuhr
1816613768,30.0,Esprit,2460.0,Niederösterreich,ESPRIT Chronograph
1222422440,50.0,Andere Marken,4906.0,Oberösterreich,EDOX QUARTZ HERRENUHR
2003906047,25.0,Andere Marken,4906.0,Oberösterreich,Jawa Quartz Armbanduhr
1822323700,35.0,Andere Marken,4906.0,Oberösterreich,PAREOR CHRONOGRAPH QUARTZ
1332829438,50.0,Andere Marken,4906.0,Oberösterreich,Diadoro Quartz Herrenuhr
1760931561,10.0,Adidas,6441.0,Tirol,Uhren Adidas & Fossil
1197490192,70.0,Andere Marken,4906.0,Oberösterreich,Alpina Standard Kaliber 598 R
831916073,83.0,Michael Kors,1100.0,Wien,Michael Kors MK 4266 in Gold/ Braun
1561257645,190.0,Jacques Lemans,6300.0,Tirol,Herrenarmbanduhr JACQUES LEMANS
1197116914,35.0,Andere Marken,4906.0,Oberösterreich,WM France Mars. Snickers Uhr Sammlerstück.
1215325048,50.0,Andere Marken,4906.0,Oberösterreich,Royal London Quartz RL-2199
2013529528,250.0,Andere Marken,3032.0,Niederösterreich,Hans Hirsch Uhr mit Jörg Haider Inschrift
1865045883,10.0,Andere Marken,1200.0,Wien,Armbanduhr Madison NY Vintage
2018220026,440.0,Seiko,4600.0,Oberösterreich,Seiko Prosepx Diver SPB101J1
1390306404,10.0,Swatch,6441.0,Tirol,Swatch Uhr
1616447682,5690.0,Jaeger-LeCoultre,9400.0,Sopron,Jaeger Lecoultre Polaris Date
1262219580,30.0,s.Oliver,7081.0,Burgenland,Armbanduhr S'Oliver
1570207780,79.0,Swatch,1120.0,Wien,Swatch Scuba 200
1596068272,1799.0,Omega,84130.0,dingolfing,OMEGA AUTOMATIC Seamaster DE VILLE Herrenarmbanduhr Ref. 14765 1 SC Baujahr 1959
1470141665,5.0,Ice watch,4240.0,Oberösterreich,"ICE Watch, div. Modelle"
1336326418,200.0,Seiko,8184.0,Steiermark,Seiko Datejust 36 Mod Red Dial
1829591820,15.0,Andere Marken,1210.0,Wien,Damenuhr
1608229597,1440.0,Andere Marken,3053.0,Niederösterreich,"Bombfrog Titanium Automatik, 46mm, aus Jänner 2026"
920132812,20.0,Guess,2344.0,Niederösterreich,Guess Damenuhr
1312260775,100.0,Boss,2500.0,Niederösterreich,Hugo Boss Uhr
1851674914,695.0,Andere Marken,4020.0,Oberösterreich,Mido Ocean Star Gmt
2138410430,80.0,Swatch,8020.0,Steiermark,Swatch Earth Summit 1992 Uhr.
1174426379,220.0,Andere Marken,1020.0,Wien,EDOX Acapulco Automatic 202 Day Date - Ref. 200.148
1550391590,700.0,Andere Marken,1170.0,Wien,Halios Seaforth IV Pastel Blue
2135237365,280.0,Andere Marken,8740.0,Steiermark,Armbanduhr Polizei Design
2064148300,355.0,Maurice Lacroix,1140.0,Wien,Maurice Lacroix Armbanduhr Set inkl. Wechselarmband Eliros Date EL1118-SS00E-420-C
2026662292,69.0,Andere Marken,1140.0,Wien,CHOPARD Happy Girl Mütze
1175284781,190.0,Casio,2333.0,Niederösterreich,Casio Funk Solar LIW-M610D-1AER
1217893875,50.0,Andere Marken,8700.0,Steiermark,Z-Zero Damenuhr
1792821591,280.0,Tissot,8740.0,Steiermark,Armbanduhr
1701826877,129.0,Jacques Lemans,4073.0,Oberösterreich,Jacques Lemans Automatic
1544099846,60.0,Andere Marken,8700.0,Steiermark,Z-Zero Damenuhr
1101809216,550.0,Seiko,1170.0,Wien,Seiko 5 Gene Kranz JDM
1534457002,45.0,Jacques Lemans,5121.0,Oberösterreich,Jacques Lemans Armbanduhr
1676227072,67.0,Guess,5020.0,Salzburg,Guess Armbanduhr Analog Edelstahl W10606L1/ W14522L1/ W0128L3
958940456,1490.0,Andere Marken,4600.0,Oberösterreich,Rado D-Star 200 Automatic Full-Set Sammlerzustand
1762692209,64.0,Guess,5020.0,Salzburg,"Guess Damen-Armbanduhr XS Analog Quarz W11611L2/ W10264L1, W13074L1"
2041458070,40.0,Andere Marken,2500.0,Niederösterreich,"Vintage Anker Handaufzug Uhr - 17 Rubis, Antichoc, läuft! Neues Eichmüller Band!"
800003642,15.0,Andere Marken,1160.0,Wien,Vintage Goldarmbanduhr Damen
993493647,19.0,Andere Marken,6020.0,Tirol,Armbanduhr
1554150650,389.0,Raymond Weil,5020.0,Salzburg,Raymond Weil Tango Unisex Edelstahl rund
1087408556,80.0,Michael Kors,2320.0,Niederösterreich,Michael Kors Damen Uhr Rosegold 42mm
1679239752,225.0,Andere Marken,6700.0,Vorarlberg,ROAMER Superior - Chronograph
2074628205,55.0,Fossil,1220.0,Wien,Fossil Armbanduhr (neue Batterie) mit Original Uhrenbox
1494269585,150.0,Zenith,1050.0,Wien,"Zenith rechteckiger Vintage Armbanduhr Handaufzug 23,2mm Art Deco Damenuhr 15 jewels Incabloc serviciert"
1848575863,85.0,Andere Marken,7111.0,Burgenland,Paul Hewitt Herrenuhr
1995079965,300.0,Andere Marken,8111.0,Steiermark,Uhrensammlung zu verkaufen
1358881237,6900.0,Rolex,2500.0,Niederösterreich,"Rolex Cellini + Ankauf, Verkauf, Belehnung"
2077611418,130.0,Junghans,1230.0,Wien,Sammlerstück: Seltene Junghans Solar Tec 14/ 4730 *Topzustand* *Rarität*
1625640373,10.0,Andere Marken,4481.0,Oberösterreich,Steiff Club Uhr
2056809021,349.0,Guess,5020.0,Salzburg,Wunderschöne Original Guess Collection GC I42004L1/ GC 27513L
1737313853,50.0,Dolce & Gabbana,1100.0,Wien,Dolce & Gabbana Armbanduhr
1453991482,50.0,Armani,1100.0,Wien,Emporio Armani Ceramica
2013934823,40.0,Andere Marken,80809.0,München,Schlichte vintage Armbanduhr von Kiefer mit Handaufzugswerk
2134090888,120.0,Jacques Lemans,8052.0,Steiermark,JACQUES LEMANS York
2134090888,120.0,Jacques Lemans,8052.0,Steiermark,JACQUES LEMANS York
1884261366,20.0,Andere Marken,8041.0,Steiermark,Uhr
1276400249,30.0,Casio,1100.0,Wien,Casio
1231084970,25.0,Guess,1100.0,Wien,Guess Uhr
2061453932,40.0,Michael Kors,2116.0,Niederösterreich,Michael Kors MK 3287 Damenuhr rosegold
2061563061,50.0,Andere Marken,1210.0,Wien,Luxuriöse Designer-Uhr von Pierre Cardin NEU
1279077484,80.0,Andere Marken,1210.0,Wien,UHR BUDWEISER in Box mit zweiten Band
1361192881,15.0,Andere Marken,5222.0,Oberösterreich,Buffalo Damenuhr
2145580626,15.0,Andere Marken,3804.0,Niederösterreich,Neue Wmc Armband-Uhr
2054575547,14500.0,Zenith,2500.0,Niederösterreich,"Zenith El Primero Chronograph Vintage + Ankauf, Verkauf, Belehnung"
899632469,140.0,Andere Marken,4020.0,Oberösterreich,Original BWC Swiss-Ultradünn
1805228993,68.0,Andere Marken,4020.0,Oberösterreich,Russische LUCH Handaufzugsuhr
1740532125,22.0,Swatch,8020.0,Steiermark,Swatch snowpass Scuba 200
1861616340,25.0,Esprit,4020.0,Oberösterreich,ESPRIT UHR abzugeben
1106278025,165.0,Tissot,4020.0,Oberösterreich,Seltene TISSOT Camping Waterproof 1956
833891132,38.0,Swatch,4020.0,Oberösterreich,Swatch Irony Platinum
1060341053,25.0,Tommy Hilfiger,1230.0,Wien,Tommy Hilfiger Uhr
1029215101,75.0,Jacques Lemans,4020.0,Oberösterreich,Jacques Lemans Chronograph 1-1127
1361960941,65.0,Andere Marken,4020.0,Oberösterreich,Original Ovaras Automatik
1793504990,115.0,Andere Marken,4020.0,Oberösterreich,Ingersoll Ultra dünn
1169044368,60.0,Andere Marken,4020.0,Oberösterreich,Grosse Nick van Hill
1946190991,65.0,Andere Marken,4020.0,Oberösterreich,Russische ZARJA Handaufzugsuhr
1703835378,27.0,Swatch,8020.0,Steiermark,"Swatch access Key watch, blau"
1078809844,129.0,Guess,1220.0,Wien,"GUESS Herrenuhr - Gold - Neu, Original, Herstellergarantie + Zertifikat"
941021431,650.0,Andere Marken,4893.0,Oberösterreich,"HEINRICH Helicoprion ""Buzzsaw"" Braun/ Braun mit SW 200-1 Elabore"
1202923789,35.0,Seiko,1210.0,Wien,SEIKO mit Schwarzen Lederband
1380576994,99.0,Andere Marken,2325.0,Niederösterreich,CITIZEN VERGOLDET
1884933056,25.0,Swatch,9062.0,Kärnten,Swatch Uhr Freeride World Tour Armbanduhr neu
1554693921,70.0,Andere Marken,4082.0,Oberösterreich,Holzkern Uhr
1471636519,55.0,Casio,1060.0,Wien,Casio Fishing Gear Illuminator 3768 uhr
1211108433,30.0,Citizen,1090.0,Wien,Attersee Armbanduhr Sonderedition
1532655959,29.0,Andere Marken,4230.0,Oberösterreich,Nicole Vienna Uhr
1016001922,33.0,Andere Marken,4204.0,Oberösterreich,Gooix Damenuhr
1071207698,4800.0,Rolex,2391.0,Niederösterreich,Rolex Oyster Perpetual 31
1903393223,65.0,Andere Marken,5020.0,Salzburg,Lacoste Uhr -Quarz- unisex (blaue nicht mehr erhältlich)
1984273760,40.0,Andere Marken,4963.0,Oberösterreich,"Herren Panzer-Armbanduhr, manuell, neu"
823050644,10.0,Andere Marken,8605.0,Steiermark,Armbanduhr mit Kette
1546104111,25.0,Andere Marken,4060.0,Oberösterreich,Juicy couture damen Uhr
1360475393,100.0,Jacques Lemans,4060.0,Oberösterreich,Wunderschöne Damen Uhr Original Jacques Lemans
1180077468,12.0,s.Oliver,2542.0,Niederösterreich,Damenuhr s. Oliver Spangenuhr pink
1099908989,5300.0,Omega,9020.0,Kärnten,Omega Speedmaster Professionell Moonwatch Saphirglas
1527852582,50.0,Andere Marken,1210.0,Wien,"Uhr JNB 15,83g Sterling Silber"
1198376023,139.0,Seiko,3400.0,Niederösterreich,Seiko Chronograph Vintage
915343416,30.0,Andere Marken,4060.0,Oberösterreich,Unisex Uhr Original Kenzo
1388134154,8.0,Andere Marken,2542.0,Niederösterreich,Uhr mit Datumsanzeige Türkis
1384036803,12.0,s.Oliver,2542.0,Niederösterreich,Damenuhr s. Oliver Spangenuhr lila
881658425,49.0,Swatch,1230.0,Wien,Swatch Lady LX 104
1950413758,110.0,Andere Marken,2460.0,Niederösterreich,Armbanduhr Bimesa Vintage
1860095069,29.0,Maurice Lacroix,1230.0,Wien,Damen armbanduhr
875443811,49.0,Swatch,1230.0,Wien,Swatch
1129473419,20.0,Andere Marken,1090.0,Wien,Armbanduhr
1454268037,15.0,Andere Marken,6290.0,Tirol,Uhren Konvolut - von SAMMLER
1464102626,1400.0,TAG Heuer,4600.0,Oberösterreich,Tag heuer Formula 1
1468577763,40.0,s.Oliver,1210.0,Wien,S. Oliver ungetragen
1299324640,850.0,Andere Marken,7350.0,Burgenland,"Hermes Medor Luxus Damenarmbanduhr mit Lederarmband, Schweizer Quarzwerk"
1219510064,1200.0,Andere Marken,1090.0,Wien,VOSTOK EUROPE MAGYARORSZÁG LUNOKHOD 2 LIMITED EDITION
1831593143,45.0,s.Oliver,9121.0,Kärnten,S. Oliver Uhr
1268963568,90.0,Festina,1110.0,Wien,Festina Chronograph F16190/9
1587850278,3550.0,Zenith,1180.0,Wien,Zenith El-Primero Port Royal Open XT Chronograph Power Reserve Serviced
978675586,110.0,Andere Marken,2431.0,Niederösterreich,Automatik Holzuhr
1091360472,45.0,Fossil,4614.0,Oberösterreich,Fossil Damen Armbanduhr
810155706,95.0,Tommy Hilfiger,2361.0,Niederösterreich,Armbanduhr Tommy Hilfiger
1839542245,45.0,Andere Marken,2601.0,Niederösterreich,Original Pierre Cardin Armbanduhr
1536119260,5.0,Andere Marken,2514.0,Niederösterreich,Quarzuhr von MF
1057191670,80.0,Andere Marken,5600.0,Salzburg,Uhr neu
1024156973,225.0,Michael Kors,3004.0,Niederösterreich,Michael Kors Damenarmbanduhr
1497557758,25.0,Fossil,4614.0,Oberösterreich,Fossil Damen Armbanduhr
1984972721,495.0,Swarovski,6401.0,Tirol,Swarovski Herren Armbanduhr
2045486050,7.0,Andere Marken,2230.0,Niederösterreich,Uhr
1047304973,100.0,Andere Marken,1020.0,Wien,Vintage Luga Precision - 21 Rubis - Sammlerzustand
1778584213,80.0,Junghans,1020.0,Wien,"Vintage Junghans Quarz - ""Made in Germany"" - Sammlerzustand - Kratzerfrei"
1682005921,24.99,Andere Marken,6845.0,Vorarlberg,Herrenuhr Armbanduhr Sport Watch El Light
1681536210,8.0,DKNY,2000.0,Niederösterreich,Damenuhr DKNY
1655003294,24.99,Andere Marken,6845.0,Vorarlberg,Herrenuhr- Armbanduhr-Sportwatch-El Light
1306455135,140.0,Andere Marken,1020.0,Wien,Barclay Quartz 1970 - neu ungetragen
1155318659,35.0,Andere Marken,1100.0,Wien,PULSAR HERREN UHR
1091101195,249.0,Casio,6845.0,Vorarlberg,Casio G-SHOCK Classic Herrenuhr * ein seltenes Stück *Schwarz GM-2100BB-1AER
1407002449,120.0,Andere Marken,1020.0,Wien,Madison Alarm Quartz(Ungetragen)
1771078633,40.0,Andere Marken,1100.0,Wien,HELVETIA CHRONOGRAPHISCHE UHR W55G
1723164291,25.0,Andere Marken,1120.0,Wien,"NEU WMC Timepieces Armbanduhr, Metallbox"
1115336078,30.0,Fossil,4614.0,Oberösterreich,Fossil Damen Armbanduhr
1999337893,6990.0,IWC,2102.0,Niederösterreich,IWC Portugieser Yacht Club - absolut Top - Erstbesitz
1467185163,30.0,Fossil,4614.0,Oberösterreich,Fossil Damen Armbanduhr
1983861125,50.0,Fossil,1110.0,Wien,Herren Fossil Uhr
1593877835,65.0,Swatch,83308.0,Trostberg,Swatch Sammleruhren - seltene Stücke - neu und originalverpackt
1578640902,12999.0,Rolex,1010.0,Wien,-2000€ UNTER LISTE; SELTENES ZIFFERBLATT (2023) Rolex Datejust 36 - 126233 - Champagnerfarbenes Palmen-Motif Zifferblatt - Jubilee Armband - TOP TOP ZUSTAND!!!
2085645505,140.0,Andere Marken,1020.0,Wien,Armbanduhr Mondphasen
933399239,70.0,Boss,2413.0,Niederösterreich,BOSS Herrenuhr - NEUE Batterie (27.3.23)
1608517000,23.0,Esprit,8083.0,Steiermark,Herren Uhr ESPRIT
1640506522,80.0,Andere Marken,3121.0,Niederösterreich,Swiss Military
2093189728,30.0,Andere Marken,2500.0,Niederösterreich,diverse Uhren
1798727397,30.0,Ice watch,3071.0,Niederösterreich,Ice watch
1600600406,45.0,Ice watch,2453.0,Niederösterreich,Ice Watch Big - SCHWARZ/ ORANGE - Gehäuse Transparent
1593131607,12.0,Andere Marken,1220.0,Wien,Damenarmbanduhr
2096312849,10.0,Andere Marken,2453.0,Niederösterreich,Watch Big - WEISSE - Gehäuse Weiss Metall - NEU und UNGETRAGEN
1437259436,25.0,Fossil,4614.0,Oberösterreich,Fossil Damen Armbanduhr
844290338,60.0,Tommy Hilfiger,4400.0,Oberösterreich,Uhr
1066261980,79.0,Swatch,4863.0,Oberösterreich,"Swatch Swiss Uhr Dm 3,5cm mit silbernen Zugband und Datum Anzeige"
1422043044,15.0,Andere Marken,2560.0,Niederösterreich,Pareor Armbanduhr
884475315,65.0,Swatch,4863.0,Oberösterreich,"Swatch Swiss Uhr , blaues original Armband und Datum Anzeige"
1930060888,25.0,Esprit,3004.0,Niederösterreich,ARMBANDUHR UND EINIGES! FEINE ESPRIT NEUWERTIG ECHTLEDER
1659273501,100.0,Tommy Hilfiger,8600.0,Steiermark,Set Uhren Mann und Damen
1966734723,70.0,Daniel Wellington,6300.0,Tirol,Daniel Wellington Damen Uhr
1768843485,16.0,Andere Marken,5020.0,Salzburg,Vintage Armbanduhr braucht neue Batterie
1262226167,300.0,Jacques Lemans,9313.0,Kärnten,"1-1817A, Uhr Jacques Lemans York."
1419624410,50.0,Daniel Wellington,8605.0,Steiermark,Daniel Wellington Herren Uhr
1220634749,4.0,Andere Marken,1210.0,Wien,Armbanduhr
2144845339,25.0,Andere Marken,1190.0,Wien,Herrenarmbanduhr Top
1879051578,27.0,Andere Marken,7400.0,Burgenland,Damenuhr Quartz mit Metall Armband
1385640285,140.0,Diesel,1120.0,Wien,Diesel Mega Chief DZ4512 Herren Uhr
1234939682,55.0,DKNY,1180.0,Wien,NEU: DKNY Damenuhr mit Strasssteinen (Vintage)
878047078,199.0,Andere Marken,4020.0,Oberösterreich,San Martin SN0121GA Seiko Automatik Uhr (Tudor Pelagos Homage) + Natoband schwarz / beige
2135341452,199.0,Andere Marken,4020.0,Oberösterreich,"San Martin SN0121GA Automatik Uhr 39mm ""Pelagos"" + Natoband schwarz / beige"
1854124948,150.0,Fossil,1120.0,Wien,"BATMAN Uhr, 1997, Warner Brothers (by Fossil)."
2004719201,30.0,Andere Marken,1060.0,Wien,Herrenuhr mit schwarzem Lederband
1821924782,70.0,JOOP,1060.0,Wien,Joop Uhr rechteckig mit Metallband
1700115402,70.0,JOOP,1060.0,Wien,Joop Uhr rechteckig mit schwarzem Band
2100026681,85.0,Dolce & Gabbana,1060.0,Wien,D & G Uhr mit Lederband
1625804224,15.0,Andere Marken,1060.0,Wien,OVB Uhr
1786014093,59.0,Armani,1060.0,Wien,Giorgio Armani Uhr mit Lederband
2113599526,30.0,Andere Marken,1060.0,Wien,Osco Quartz Uhr mit Lederband
935704074,15.0,Esprit,1140.0,Wien,Esprit Chronograph Armbanduhr Herren
1016918295,420.0,Tissot,1120.0,Wien,Tissot Seastar 1000 Herren Uhr
1271835372,90.0,Daniel Wellington,1090.0,Wien,Daniel Wellington Uhr
1065541510,14.99,Andere Marken,1230.0,Wien,MP3 Uhr
1328180520,320.0,Andere Marken,1100.0,Wien,Doxa Sport Armbanduhr 1952
1859176406,179.0,Citizen,5771.0,Salzburg,Citizen Ana Digi
1992463645,50.0,Andere Marken,8530.0,Steiermark,LORO Peveriente - *NEU*
1084080915,15.0,Andere Marken,1120.0,Wien,Digitaluhr 2000er Jahre vintage
904267436,529.0,Andere Marken,2823.0,Niederösterreich,"Luminox Atacama Field, HORSE YEAR Limited Edition 43 mm"
1410903854,15.0,Andere Marken,2351.0,Niederösterreich,Uhr
1130021514,16.0,Andere Marken,1020.0,Wien,Herren Armbanduhr Vintage ORIOSA
1792666166,15.0,Andere Marken,2351.0,Niederösterreich,Uhr
938967527,10.0,Tommy Hilfiger,2351.0,Niederösterreich,Damenuhr
1061327172,50.0,Swatch,6850.0,Vorarlberg,"Pop Swatch Pop Special Vintage 1992 PWZ103 ""Veruschka"""
811539087,10.0,Andere Marken,1170.0,Wien,NEU UND UNGETRAGEN: DORO CHRON Damenuhr in schwarz und dunkelgrün (auch einzeln erhältlich)
1248225514,50.0,Andere Marken,8430.0,Steiermark,Herren Armbanduhr
1654396139,60.0,Swatch,6850.0,Vorarlberg,Swatch Uhr Buttone PWK 153
1195272543,200.0,Andere Marken,2231.0,Niederösterreich,(reserviert) Uhr
785523305,100.0,Swatch,6850.0,Vorarlberg,"POP SWATCH ORB designed by Vivienne Westwood aus dem Jahre 1993, limited Edition"
1351338419,100.0,Boss,2320.0,Niederösterreich,Hugo Boss Damenuhr
1559069235,4000.0,Rolex,1010.0,Wien,Wir kaufen Ihre Luxusuhr!
1431488332,5.0,Andere Marken,8311.0,Steiermark,Armbanduhr
939855764,30.0,Andere Marken,8263.0,Steiermark,RAPTOR Uhr
892082443,150.0,Michael Kors,8042.0,Steiermark,Michael Kors Uhr
1159745776,50.0,Jacques Lemans,3121.0,Niederösterreich,Uhr jacques Lemans *post*
982403957,2100.0,Andere Marken,1180.0,Wien,Rado Captain Cook Blue Dial Bronze + Titan FULLSET GARANTIE
1372787542,7.0,Andere Marken,6067.0,Tirol,Armbanduhr Euhua Quartz 605
1238596963,25.0,Swatch,4707.0,Oberösterreich,Midi Pop Swatch (PMK104) MELANIE
1450294115,79.0,Swatch,3701.0,Niederösterreich,Swatch Irony Chrono SECRET THOUGHT blau
956397855,25.0,Casio,2751.0,Niederösterreich,"Baby G , G- Shock Casio"
1773579311,2990.0,Seiko,2340.0,Niederösterreich,SEIKO PROSPEX 1965 DIVER LIMITED EDITION SLAO43J1
2069971244,25.0,Swatch,3100.0,Niederösterreich,Swatch
1901915390,80.0,Tommy Hilfiger,3100.0,Niederösterreich,Tommy Hilfiger Uhr
1273680019,725.0,Tissot,8280.0,Steiermark,Tissot Seastar 1000 Powermatic 80 - Silicium
1390454892,10.0,Andere Marken,4600.0,Oberösterreich,Uhren
1207929286,110.0,Jacques Lemans,1130.0,Wien,Jacques Lemans
1551903064,56.0,Andere Marken,6800.0,Vorarlberg,"Eterna Damenarmbanduhr vergoldet, neue Batterie"
2033705846,1899.0,Andere Marken,6020.0,Tirol,Louis Erard Heritage L'Esprit du Temps
1420210157,30.0,Andere Marken,1110.0,Wien,Armbanduhr Analog / Set Box
1501010365,15.0,Swatch,2700.0,Niederösterreich,Swatch Gent ATLANTA von 1996 Artnr. GZ136
1774737281,3350.0,Breitling,5400.0,Salzburg,Breitling Cockpit B50 !
2073497440,20.0,Andere Marken,1110.0,Wien,Herrenuhr
1249743093,20.0,Andere Marken,1100.0,Wien,Viele Herren Uhr für Samler
1667134405,15.0,Swatch,2700.0,Niederösterreich,Swatch Gent MARMORATA Artnr. GB119
1215364878,15.0,Swatch,2700.0,Niederösterreich,Swatch Gent GUTENBERG von 1992 Artnr. GK703
1790690157,15.0,Swatch,2700.0,Niederösterreich,Swatch Gent DISCOBOLUS von 1992 Artnr. GK141
1573237998,30.0,Andere Marken,1220.0,Wien,Holz Armbanduhr der Marke Laimer
865937269,15.0,Swatch,2700.0,Niederösterreich,Swatch Musicall TONE IN BLUE von 1993-1998 Artnr. SLK100
2018014983,15.0,Swatch,2700.0,Niederösterreich,Swatch Gent WORLD INC. Artnr. GK264
831091572,80.0,Jacques Lemans,1220.0,Wien,Jacques Lemans Chronograph blau
1392115516,60.0,Swatch,5020.0,Salzburg,"Swatch Uhr NEU "" Don't be too late"""
1335529666,50.0,Esprit,1230.0,Wien,Esprit Uhr Damen neuwertig
2008388775,30.0,Swatch,2333.0,Niederösterreich,Swatch WHITE DELIGHT - Uhr -neuwertig
1605374401,550.0,Tissot,4820.0,Oberösterreich,Tissot T Touch
1694181095,7400.0,Rolex,9210.0,Kärnten,Rolex Explorer 36 - Baujahr 2026
787643492,263.0,Maurice Lacroix,1220.0,Wien,Original Maurice Lacroix Damen/ Herren Uhr unisex
1966406959,160.0,Andere Marken,2301.0,Niederösterreich,Moschino Uhr
1225662110,19.0,Swatch,1160.0,Wien,"Swatch, silber"
1344296498,60.0,Swatch,1130.0,Wien,Seltene Swatch Uhren Irony und Dotted Swiss 1980/90er Jahre
1344296498,60.0,Swatch,1130.0,Wien,Seltene Swatch Uhren Irony und Dotted Swiss 1980/90er Jahre
1527126730,129.9,Andere Marken,6020.0,Tirol,Trachtenuhr / Damenuhr / Favorit / Granat / 835er / 19cm
1190748752,9.0,Andere Marken,1160.0,Wien,"Damen Armbanduhr, silber, mit Swarovski Stein"
1938434636,15.0,Andere Marken,4490.0,Oberösterreich,Neue Armbanduhr
1172028060,20.0,Guess,1130.0,Wien,"Konvolut 3 Damen Uhren von DKNY, Guess, Esprit"
1594178239,20.0,Calvin Klein,1210.0,Wien,Calvin Klein Armbanduhr
1907712436,47.0,Andere Marken,8923.0,Steiermark,Herren Armbanduhr wurde nie getragen mit neuer Batterie seit 03.02.2025
799203830,125.0,Andere Marken,7542.0,Burgenland,Ingersoll Automatik
972032138,45.0,Andere Marken,8923.0,Steiermark,Herren Armbanduhr mit neuer Batterie seit 03.02.2025 wurde aber nie getragen .
1482288747,43.0,Andere Marken,1130.0,Wien,"Seltene. Top läuft. Made Swiss SCHWEIZ ( 1940 Jahren). , , AMI WATCH "". 17 jeweils. Incabloc Stoßfest, Wasserdicht, Antimagnic . Handaufzug. Armbanduhr."
1330504565,45.0,Esprit,2333.0,Niederösterreich,Esprit Uhr Herren
1272845411,20.0,Nixon,1210.0,Wien,Nixon Damen Armbanduhr
1999378394,90.0,Andere Marken,7034.0,Burgenland,Bering Ceramic für Damen
912709422,60.0,Swatch,4073.0,Oberösterreich,Swatch Chrongraph * neu und ungetragen *
860485299,30.0,Andere Marken,1130.0,Wien,"Läuft einwandfrei . Am original. Band. , MVMT - Classic "". Herren Armbanduhr in Weiß und Silber. Datum. Edelstahl. Wasserdicht. 45 mm Top ZUSTAND."
1907617480,20.0,Andere Marken,1130.0,Wien,"Top läuft. Top ZUSTAND. , JULES LEGASSI"" mit echten DIAMANT. QUARZT. JAPAN"
1847672494,275.0,Andere Marken,3508.0,Niederösterreich,Rado DiaStar - Automatic
923727196,30.0,Jacques Lemans,2801.0,Niederösterreich,"Damenarmbanduhr v. JACQUES LEMANS 1-1778,"
1709076604,35.0,Andere Marken,1130.0,Wien,"Läuft Top. Made Swiss (SCHWEIZ). , MIRONA spezial "" Incabloc ( Stoßfest), Wasserdicht, Antimagnic. Handaufzug. 29 mm ohne Krone."
2132293538,50.0,Jacques Lemans,9500.0,Kärnten,Jacques Lemans Herrenuhr (neu)
941172738,109.0,Junghans,2120.0,Niederösterreich,Junghans Mega Solar Keramik Funk Armbanduhr
1995139952,30.0,Casio,2333.0,Niederösterreich,Casio Uhr Herren
1295686331,1950.0,IWC,1220.0,Wien,Original IWC Schaffhausen Flieger Chronograph Pilot Referenz 3741 Herrenuhr quartz Box und Papiere Fliegerchronograph
1161652256,250.0,Andere Marken,2130.0,Niederösterreich,Uhr (Automatisch)
1164315447,190.0,Andere Marken,2130.0,Niederösterreich,Juvenia Uhr
1856323626,25.0,Andere Marken,2020.0,Niederösterreich,ORIENT Quartz Uhr
1999926024,350.0,Andere Marken,2130.0,Niederösterreich,Uhr (Automatisch)
1442614099,20.0,Andere Marken,6020.0,Tirol,Uhr mit Milanaise Armband Gold Schwarz
1335314375,97.0,Andere Marken,2340.0,Niederösterreich,Pilot Watch Fliegeruhr der US AIR FORCE mit Handaufzug u Lederband
982943222,330.0,Andere Marken,1020.0,Wien,"Designer Silber Armbanduhr -Gunthner, Bijou Jeunesse, Deutschland"
1770889474,43.0,Andere Marken,1130.0,Wien,"Top läuft. Made Swiss Schweiz, LEJON"". 17 jeweils. Incabloc Stoßfest, Wasserdicht, Antimagnetisch. Handaufzug. 1950 Jahren."
1842184343,50.0,Andere Marken,2500.0,Niederösterreich,Armbanduhr cerrutti
2020355513,40.0,Citizen,1130.0,Wien,"Top läuft. , CQ CITIZEN "". QUARZT. JAPAN. Wasserdicht. Analog - Digital. . Verschiedene Funktionen. Chronograph. Wecker.1970 Jahren."
1955421791,100.0,Swarovski,1200.0,Wien,Swarovski Cosmopolitan Damenuhr NEU
1009458497,11900.0,Rolex,1230.0,Wien,Rolex Datejust 41
1993490979,99.0,Andere Marken,2500.0,Niederösterreich,Hugo Boss Armbanduhr
1026848955,120.0,Swarovski,1200.0,Wien,Swarovski Aila Mini Damenuhr NEU
1498691667,42.0,Andere Marken,1130.0,Wien,"läuft. Alte., TIGER "". Handaufzug. Schockproof. Antimagnetisch."
1519241030,40.0,Diesel,2500.0,Niederösterreich,Diesel Armbanduhr
1364235928,70.0,Raymond Weil,1030.0,Wien,Damen-Armbanduhr
1547691522,160.0,Raymond Weil,2500.0,Niederösterreich,Raymond Weil Uhr neu
906848956,40.0,Andere Marken,1210.0,Wien,Giroxa Wehrmachts Mod
1767606381,50.0,Andere Marken,1030.0,Wien,Armbanduhr TITAN
2088594901,30.0,Pierre Lang,9423.0,Kärnten,Pierre Cardin Armbanduhr
1580322919,30.0,Jacques Lemans,2500.0,Niederösterreich,Jacques lemans Uhren
941439673,80.0,Andere Marken,2432.0,Niederösterreich,Damenuhr Baume & Mercier
1342803506,5.0,Andere Marken,4810.0,Oberösterreich,NEU DAMEN QUARZ ARMBANDUHR UHR hellgrün breites Lederband
1790877842,10.0,Andere Marken,1100.0,Wien,"Uhr, Armbanduhr"
1410723139,35.0,Andere Marken,2000.0,Niederösterreich,"Herren Armbanduhr ""Decado"" € 35, - pro Stk."
1373552486,29.0,Diesel,4840.0,Oberösterreich,Diesel Armbanduhr Rot
2068679401,5.0,Andere Marken,3931.0,Niederösterreich,Armbanduhren
1277460648,5.0,Andere Marken,2511.0,Niederösterreich,"Armbanduhr ""Casino Baden"" Limited Edition Austria"
1753925977,75.0,Swatch,4541.0,Oberösterreich,Ultra seltene Swatch Mister Twin SUKB400
1570657455,17.0,Ice watch,5204.0,Salzburg,ice watch weiß
1657837418,22.0,Andere Marken,4112.0,Oberösterreich,Herrenuhr Quarz Pierre Cardin Milanese Armband
978945395,50.0,Andere Marken,1160.0,Wien,Dugena Jongster
1605118892,20.0,Andere Marken,1220.0,Wien,Rote Quartz- Armbanduhr der Marke Avalanche
1085588538,50.0,Andere Marken,1160.0,Wien,Oriosa Damenuhr Handaufzug
1454972581,80.0,Andere Marken,1160.0,Wien,Doxa Damenuhr Handaufzug
1447303449,85.0,Swatch,2325.0,Niederösterreich,Swatch Armbanduhr Metall schwarz/ silber
780528463,2.0,Andere Marken,4600.0,Oberösterreich,Auflösung Uhrensammlung
2056801768,700.0,Andere Marken,8430.0,Steiermark,Rado jubile Unzerkratzt und Neuwertig! TAUSCHE AUCH GEGEN ANDERE RADO UHR MIT WERT AUSGLEICH .
2013828234,10.0,Andere Marken,1120.0,Wien,Uhr Band NEU
1945068957,90.0,Jacques Lemans,2630.0,Niederösterreich,JACQUES LEMANS Herrenuhr
1718415666,115.0,Citizen,1210.0,Wien,Citizen eco drive Damenarmbanduhr
1509854660,55.0,Jacques Lemans,5020.0,Salzburg,Vintage Jacque Lemans
1134813241,150.0,Swarovski,2441.0,Niederösterreich,Original Swarovski Armbanduhr OCTEA DRESSY neu
1191753001,10.0,Andere Marken,8430.0,Steiermark,Armbanduhr
1186177274,210.0,Michael Kors,9521.0,Kärnten,Michael Kors Smartwatch
1482942492,1999.0,Andere Marken,4407.0,Oberösterreich,Nomos Metro 38 stadtschwarz - Handaufzug - Ref. 1112
2129601567,25.0,Andere Marken,9020.0,Kärnten,Diadoro _ Cronograph - Alpha Saphir - Lederarmband
1157097164,20.0,Andere Marken,1220.0,Wien,AVALON Damen Quartz Uhr Vintage Japan Movt
980541913,25.0,Andere Marken,8605.0,Steiermark,Damen Quartz Uhr
1043704335,25.0,Andere Marken,2294.0,Niederösterreich,Precisa LCD Uhr
1715695952,40.0,Andere Marken,8605.0,Steiermark,Antik Uhr Favorit 17 Rubis Incabloc Damen Vintage Uhr
1941898884,40.0,Junghans,3061.0,Niederösterreich,Alte Uhr defeckt
1973784450,30.0,JOOP,1190.0,Wien,"JOOP! Lederarmbanduhr, selten verwendet"
1643399731,85.0,Andere Marken,6330.0,Tirol,Skelett UHR
1355522510,135.0,Junghans,1210.0,Wien,JUNGHANS MEGA - FUNKUHR LEDERARMBAND INKLUSIVE ORIGINALHEFT
1977651115,1100.0,Andere Marken,1220.0,Wien,GV2 by GEVRIL Contasecondi Automatik - NEU - Limited Edition - Swiss Made
1773541501,150.0,Dolce & Gabbana,7051.0,Burgenland,D&G Uhr Damen stahl
957079429,300.0,Michael Kors,7051.0,Burgenland,Michael Kors Uhr Roségold
1391079624,100.0,Ice watch,7051.0,Burgenland,Ice-Watch Damen Ice-Glitter weiß Silikonarmband kleine Uhr
2108871342,90.0,Andere Marken,3511.0,Niederösterreich,Markenuhren - Konvolut / Sammlung
2104093790,80.0,Fossil,2253.0,Niederösterreich,Fossil Damenuhr
843292507,150.0,Michael Kors,2253.0,Niederösterreich,Michael Kors Damenuhr
2002715455,70.0,Andere Marken,6900.0,Vorarlberg,BREIL Milano Armbanduhr
1335761329,20.0,Fossil,3430.0,Niederösterreich,Fossil Armbanduhr BIG TIC ohne Band
1957881664,50.0,Andere Marken,4694.0,Oberösterreich,*Edel*Damen*Quarz*Uhr
989757402,70.0,Fossil,3370.0,Niederösterreich,Fossil Uhr JR 9642
1069242759,2200.0,Andere Marken,3443.0,Niederösterreich,U-Boat Capsoil SS Chronograph 45mm
1163914986,15.0,Andere Marken,6060.0,Tirol,Armbanduhr Spirit of St. Louis
954088857,320.0,Omega,4910.0,Oberösterreich,PROVITA Vintage Armbanduhr Pesseux 7001 Incabloc Handaufzug
1652787971,232.0,Omega,1010.0,Wien,Swatch x Omega Mission to Pluto
1545120077,232.0,Omega,1010.0,Wien,Swatch x Omega Mission on Earth
1616280949,15.0,Andere Marken,1220.0,Wien,TCM Damenuhr mit Charms
1199633647,68.0,DKNY,1220.0,Wien,DKNY Damenuhr gold
942066688,10.0,Andere Marken,1220.0,Wien,TCM Damenuhr
1203835606,800.0,Swatch,6380.0,Tirol,Swatch Original Sammlung ungetragen
1810481719,22.0,Ice watch,4020.0,Oberösterreich,ICE Watch
1125542401,70.0,Tommy Hilfiger,8044.0,Steiermark,Tommy Hilfiger Uhr
1155275032,95.0,Andere Marken,1220.0,Wien,Doro Chron Damenuhr mit Armband
1457181486,145.0,Casio,2332.0,Niederösterreich,1 CRRJU Uhr + 1 CASIO Edifice EQS 500 (004A206J) Quarzuhr Solaruhr
1586765748,11.0,Andere Marken,5201.0,Salzburg,Daniel Hechter Herrenuhren - 1 x NEU - ab 11. -
1454858829,10.0,s.Oliver,8774.0,Steiermark,s. Oliver Armbanduhr
1169458996,1350.0,Seiko,8020.0,Steiermark,Presage Craftmanship Limited Edition
1077212057,40.0,Daniel Wellington,8720.0,Steiermark,Daniel Wellington Uhr
882433807,9.0,Andere Marken,1020.0,Wien,Uhr
1174252815,30.0,Fossil,1100.0,Wien,Fossil Uhr
1912970628,22.0,Andere Marken,5201.0,Salzburg,AKTEO - Armbanduhr - Strandmotiv
1250071614,50.0,Swarovski,9220.0,Kärnten,Swarovski Uhr
1765625295,25.0,Police,1130.0,Wien,Police Uhr
975801065,53.0,Andere Marken,5201.0,Salzburg,FURLA Damenuhr - Vintage
1387843294,19.0,Andere Marken,1150.0,Wien,Uhr: Atlas for Men
1636979367,39.0,Andere Marken,5230.0,Oberösterreich,3 Herren Armbanduhren
2014719986,40.0,Andere Marken,8720.0,Steiermark,Paul Hewitt Uhr
1401464543,20.0,Andere Marken,5201.0,Salzburg,Herren-Armbanduhr Western - Pacific Time Collection
1869917955,33.0,Andere Marken,5201.0,Salzburg,FURLA Armbanduhr orange
1427179987,18599.0,Rolex,1010.0,Wien,Rolex Gmt-Master II Pepsi Jubilee Mk1 126710Blro Bj:2018 Neuwertig frisch serviciert Lc DE
1044772010,8499.0,Tudor,1010.0,Wien,Tudor Black Bay Chrono Flamingo Blue 79360N 10/25 Ungetragen Lc AT
1226649745,15.0,Andere Marken,8750.0,Steiermark,Damenuhr neu
2053340843,5300.0,Rolex,1010.0,Wien,"Rolex Datejust 36 mm Stahl ""Lachs"" (Ref. 16220)"
2124585082,80.0,Casio,3430.0,Niederösterreich,G-Shock
1114421742,50.0,Fossil,3430.0,Niederösterreich,Fosil
988515956,55.0,Armani,5020.0,Salzburg,Emporio Armani Armbanduhr
1990347051,60.0,Casio,3430.0,Niederösterreich,Edifice
915518224,9499.0,Rolex,1010.0,Wien,Rolex Explorer II Black Dial 226570 Bj:2021 Neuwertig Lc DE Erstkaufbeleg
1927725500,500.0,Andere Marken,8054.0,Steiermark,Steinhart Ocean One 500
1555597692,5.0,Andere Marken,3351.0,Niederösterreich,Neue Geneva Herrenuhr
1776660188,90.0,Daniel Wellington,1160.0,Wien,Daniel Wellington
1164724134,7500.0,Rolex,2111.0,Niederösterreich,Rolex
981962262,45.0,Andere Marken,2230.0,Niederösterreich,Uhr vom Juwelier
1755883146,10.0,Andere Marken,1100.0,Wien,NEU: WMC Timepieces Armbanduhr - Blau
1486589788,5.0,Andere Marken,8484.0,Steiermark,modische damenarmbanduhr
1001626088,12.0,Breitling,7000.0,Burgenland,Breitling Prospekt 70-iger Jahre
1617782049,80.0,Junghans,8713.0,Steiermark,Junghans Mega Solar Ceramic
936825726,4500.0,IWC,1010.0,Wien,IWC Schaffhausen Fliegeruhr Chronograph Top Gun
1041398728,300.0,Raymond Weil,2514.0,Niederösterreich,Raymond Weil Tango bicolor
2105932734,85.0,Andere Marken,8662.0,Steiermark,Alte Armbanduhr - Alte ARSA Uhr mit Glasboden - ARSA Auguste Reymond Uhr Handaufzug mit Glasboden
2008920457,700.0,TAG Heuer,1060.0,Wien,TAG Heuer 200M Professional Series WE1210-R 32mm Black Dial Swiss Watch
1761813056,50.0,Andere Marken,1160.0,Wien,Lanco Armbanduhr
936824874,25.0,Andere Marken,8234.0,Steiermark,Armbanduhr von Paul Valentine
811828585,20.0,Andere Marken,2011.0,Niederösterreich,Raketa Armbanduhr
1592772556,25.0,Fossil,1110.0,Wien,Fossil Damenuhr
1657507060,290.0,Swatch,3425.0,Niederösterreich,Swatch Neon Jelly - SOFORT VERFÜGBAR !
2085150191,10.0,Andere Marken,4463.0,Oberösterreich,Schöne Armbanduhren neu - Lederarmband
2012539522,20.0,Fossil,2135.0,Niederösterreich,"Fossil, Damen Uhr, Set"
964469878,35.0,Andere Marken,1170.0,Wien,Damen Uhr
1075989618,15.0,Seiko,1170.0,Wien,Armbanduhr (Seiko)
1075052716,190.0,Andere Marken,3910.0,Niederösterreich,BREIL Milano Chrono BW0410
1738145427,219.0,Andere Marken,8401.0,Steiermark,Swiss Military-Hanowa
798599574,50.0,Fossil,3532.0,Niederösterreich,Fossil damenuhr
853220078,130.0,Fossil,6335.0,Tirol,Fossil Herrenarmbaduhr
1006543139,135.0,Andere Marken,3462.0,Niederösterreich,Heritor Uhr
1706644011,45.0,Fossil,2500.0,Niederösterreich,ausgefallene FOSSIL-Armbanduhr
1464986026,150.0,Seiko,2135.0,Niederösterreich,Seiko Typ II (4623-8050S)
1712828299,270.0,Seiko,2135.0,Niederösterreich,Seiko Lord Matic Special (5206-6140)
1421432815,600.0,Seiko,2135.0,Niederösterreich,King Seiko Vanac Special (5256-6000)
1707341592,260.0,Seiko,2135.0,Niederösterreich,Seiko Lord Matic (5606-7290)
1841572705,7.0,Andere Marken,2331.0,Niederösterreich,DAMENARMBANDUHR PARIS STYLE - NEU
1508035285,55.0,Adidas,1090.0,Wien,Adidas Originals Uhr
1123751033,10.0,Andere Marken,1210.0,Wien,Armbanduhr Kinder
1276112665,99.0,Andere Marken,1110.0,Wien,MVMT - Uhr - Herren - Quarzuhr mit Edelstahlarmband
1498558059,30.0,Andere Marken,6380.0,Tirol,Ferrari Uhr
1539626657,100.0,Jacques Lemans,1230.0,Wien,Uhr Jacques Lemans
1495855721,65.0,Andere Marken,1220.0,Wien,BUREI Datejust Automatik - Luxusdesignuhr
1062881086,99.9,Swatch,1220.0,Wien,"NEU - Pop Swatch Weihnachtsspecial ""Bottone"""
1673004544,110.0,Andere Marken,1140.0,Wien,Doxa Damenuhr Navi Star Automatik
2019581078,30.0,Andere Marken,1140.0,Wien,Herrenarmbanduhr
1803673129,40.0,Andere Marken,2344.0,Niederösterreich,Burker Uhr
1566649647,35.0,Fossil,2000.0,Niederösterreich,Fossil Damen Uhr
1915003769,90.0,Armani,5411.0,Salzburg,Uhr emporio armani
1171514369,35.0,Andere Marken,2344.0,Niederösterreich,Rosefield Uhr
959830280,49.0,Ice watch,6130.0,Tirol,Original Ice-Watch in weiß
1483019257,4.0,Andere Marken,4020.0,Oberösterreich,Damen Uhr
2109418540,155.0,Andere Marken,8053.0,Steiermark,Hirsch Uhren Armband mit Handaufzugujr im aomega Stil
1043604904,6.0,Andere Marken,4020.0,Oberösterreich,Damen Uhr
2137998128,500.0,Gucci,1150.0,Wien,Gucci G Chronograph YA 101203 mit Rechnung
1354528511,45.0,Swatch,8230.0,Balatonfüred,Vintage Swatch Automatik Uhr
882834293,10.0,Andere Marken,1150.0,Wien,"Armbanduhr für Damen, elegant"
1899905900,39.0,Esprit,1140.0,Wien,Original Esprit Edelstahl Armbanduhr Länge - 21 cm
1006786649,2150.0,Omega,1040.0,Wien,Omega Speedmaster Date | 3511.50 Legendärer Chronometer mit Tachymeter
930780774,95.0,Swarovski,2512.0,Niederösterreich,Swarovski Damenuhr
914473535,85.0,Andere Marken,3200.0,Niederösterreich,Liebeskind Damenuhr rosegold/ schwarz
1326149429,15.0,Andere Marken,8230.0,Steiermark,Damenuhr
2099696812,77.0,Esprit,6290.0,Tirol,ESPRIT AUTOMATIK RETROGRADE-DATE CROWN-GUARD USED-LOOK VINTAGE HERREN UHR 101311
1379954830,19.0,Andere Marken,6290.0,Tirol,Uhren Konvolut - von SAMMLER
1809160940,90.0,Andere Marken,2560.0,Niederösterreich,Armbanduhr Versus Versace
1203256545,66.0,Andere Marken,6290.0,Tirol,AVIATOR MAJETEK VOJENSKÉ SPRÁVY FLIEGER XL HANDAUFZUG HERREN UHR
1424712147,19.0,Andere Marken,4540.0,Oberösterreich,Armbanduhr Bridgestone
1278261522,175.0,Citizen,3350.0,Niederösterreich,Armbanduhr Citizen
2032767585,70.0,Jacques Lemans,8570.0,Steiermark,Jacques Lemans Uhr
1920821031,10.0,Andere Marken,6290.0,Tirol,Uhren Konvolut
897958311,9.0,Andere Marken,6112.0,Tirol,Neue Werbeuhr Großes Zifferblatt
1151201946,15.0,Esprit,8761.0,Steiermark,Esprit Uhr
1200889820,50.0,Michael Kors,5020.0,Salzburg,Michael Kors Uhr Rosegold
1729848169,110.0,Citizen,1120.0,Wien,Citizen Uhr neu
2027860264,60.0,Andere Marken,4020.0,Oberösterreich,"Jaragar Uhr 50mm, Glasboden, Edelstahl, Automatik , mit Blauen Lederband sehr schöne Uhr"
1712093477,20.0,Calvin Klein,4533.0,Oberösterreich,Calvin Klein Damenuhr
928069711,70.0,Swatch,1210.0,Wien,Swatch Mille Stella
1991957516,20.0,Cluse,4533.0,Oberösterreich,Cluse Uhr
1570586857,60.0,Jacques Lemans,9373.0,Kärnten,Jacques Lemans uhr
1495073516,50.0,Jacques Lemans,9373.0,Kärnten,Jacques Lemans uhr
1195727429,900.0,Andere Marken,7000.0,Burgenland,Hamilton Uhr
868096338,30.0,Fossil,4490.0,Oberösterreich,Armbanduhr verschiedene Modelle
1714990362,85.0,Andere Marken,6672.0,Tirol,Neue Daniel Hechter Armbanduhr
2028898112,60.0,Andere Marken,4490.0,Oberösterreich,Armbanduhr
788719316,15.0,Andere Marken,4490.0,Oberösterreich,Armbanduhr
793448799,20.0,Bruno Banani,4240.0,Oberösterreich,Bruno Banani Uhr
1769334659,20.0,Michael Kors,4490.0,Oberösterreich,Armbanduhren
1625326052,50.0,Dolce & Gabbana,3500.0,Niederösterreich,Armbanduhr
875660428,100.0,Andere Marken,4072.0,Oberösterreich,Voestalpine Stahl GmbH Armbanduhr Herren Uhr
1514845367,10000.0,Hublot,3511.0,Niederösterreich,Hublot Classic Fusion Ultra thin Skeleton
1997431537,20.0,Swatch,3100.0,Niederösterreich,Uhr
1062209849,19.99,Andere Marken,9064.0,Kärnten,Meister Anker Uhr
1371635827,4.99,Casio,2540.0,Niederösterreich,- 80% Rabatt! Uhr Unisex Brandneu
2100955996,29.88,Andere Marken,2540.0,Niederösterreich,Uhr Unisex Uhr von 80'er /80's / OVP NEU originalverpackt!
1812838023,1499.5,Andere Marken,3004.0,Niederösterreich,Rado true thinline ( Dunkelgrün)
2107109192,50.0,Guess,5621.0,Salzburg,GUESS ARMBANDUHR
2131260172,620.0,Andere Marken,8265.0,Steiermark,Rado Damen Uhr
1687253457,40.0,Adidas,2514.0,Niederösterreich,Adidas Uhr
2108739043,20.0,s.Oliver,5621.0,Salzburg,So. Oliver Armbanduhr
1410136935,100.0,Guess,5621.0,Salzburg,GUESS Armbanduhr gold
905101647,700.0,Andere Marken,8265.0,Steiermark,Rado Schnäppchen
1163620102,45.0,Tommy Hilfiger,2514.0,Niederösterreich,Tommy Hilfiger Armbanduhr
1758325479,65.0,Diesel,9020.0,Kärnten,Diesel Armbanduhr digital
1444672406,10950.0,Rolex,2320.0,Niederösterreich,ROLEX SUBMARINER NODATE 41 - 2025
1952369431,20.0,Andere Marken,4470.0,Oberösterreich,Damen Armbanduhr M&M
1509779996,65.0,Diesel,9020.0,Kärnten,Diesel Armbanduhr
1316063524,50.0,Diesel,4470.0,Oberösterreich,DIESEL Damen-Armbanduhr
987075260,20.0,Andere Marken,4470.0,Oberösterreich,Danish Design Damen-Armbanduhr
1850434590,15.0,Andere Marken,2201.0,Niederösterreich,Neue Damenuhr
972544499,50.0,Esprit,9020.0,Kärnten,Chronograph Esprit
1905101208,50.0,Casio,9020.0,Kärnten,Casio Oceanus OC-105
817626430,40.0,Esprit,9020.0,Kärnten,edc Armbanduhr
1237035667,50.0,Michael Kors,5142.0,Oberösterreich,Michael Kors Uhr
1989750080,850.0,Andere Marken,6130.0,Tirol,HAMILTON KHAKI PILOT DAY DATE AUTOMATIK 42MM 2025
1494660752,70.0,Michael Kors,5142.0,Oberösterreich,Michael Kors Uhr
849338533,1900.0,Andere Marken,5020.0,Salzburg,U-BOAT Flightdeck
1603055641,69.0,Andere Marken,2552.0,Niederösterreich,Armbanduhr
820842785,25.0,Andere Marken,9065.0,Kärnten,Lee Cooper Armbanduhr
1043959254,16.0,Andere Marken,2331.0,Niederösterreich,Alpha Saphir Armbanduhr
1451827821,200.0,Jacques Lemans,2340.0,Niederösterreich,Jacques Lemans Uhr
1479082986,1825.0,Swatch,1130.0,Wien,Auflösung Swatch Sammlung
2081929338,20.0,Andere Marken,3425.0,Niederösterreich,Dezente Uhr
1756721013,25.0,Fila,1120.0,Wien,"Armbanduhr "" FILA "" unisex"
1830515003,20.0,Andere Marken,3425.0,Niederösterreich,Dezente Uhr
1117624318,15.0,Tommy Hilfiger,8051.0,Steiermark,Damenuhr Hilfiger
1295297988,200.0,Andere Marken,1150.0,Wien,Michel Herbelin Herrenuhr Neu !
1224890269,75.0,Junghans,6020.0,Tirol,Junghans mega solar Ceramic
1005609998,150.0,DKNY,4040.0,Oberösterreich,"Donna Karan DKNY Limited Ausführung, wie Armband"
1737106858,35.0,Andere Marken,5270.0,Oberösterreich,alte Damenuhr Anker 18 Rubis
2009299057,15.0,Tommy Hilfiger,8051.0,Steiermark,Armbanduhr Damen Tommy Hilfiger
1995922790,38.0,Diesel,3300.0,Niederösterreich,Diesel - Herren Armbanduhr
1381339473,250.0,Casio,4271.0,Oberösterreich,Casio G-Shock Rangeman GPR-H1000-9ER
2043979415,80.0,Swatch,4030.0,Oberösterreich,"Swatch Irony Chrono - Modell ""Windfall"" - Vintage Sammlerstück - Voll funktionsfähig"
1111773779,30.0,Swatch,3500.0,Niederösterreich,Swatch
1870279378,130.0,Dolce & Gabbana,4040.0,Oberösterreich,D &G Luxus Ausführung!
2091084158,20.0,Andere Marken,4030.0,Oberösterreich,Stylische Bergmann Kristall Uhr - Transparentes Design - Unisex - Top Zustand
1790447445,130.0,Casio,4271.0,Oberösterreich,Casio G Shock G-SQUAD GBD-H2000
1141923319,20.0,Andere Marken,3500.0,Niederösterreich,Herren Armbanduhr
1749362529,399.99,Swatch,4060.0,Oberösterreich,Swatch Armbanduhr / Uhr MISSION TO THE MOONPHASE SNOOPY Moon Swatch x Omega Snoopy
2108291131,12.0,Andere Marken,5081.0,Salzburg,O Clock Uhr
1468603105,15.0,Swatch,2000.0,Niederösterreich,Swatch Armbanduhr SKT Access Skipass SH B 100L
2098257448,25.0,Swatch,2000.0,Niederösterreich,"Swatch Armbanduhr Skin, blau, OVP"
982421525,5.0,Andere Marken,1220.0,Wien,Uhr von Die One
1298419506,30.0,Swatch,2000.0,Niederösterreich,"Swatch Armbanduhr, weiß, OVP"
1649468496,10.0,Jacques Lemans,5081.0,Salzburg,Uhr Jacques Lemans
2085114973,48.0,Andere Marken,97833.0,Frammersbach,Sehr schöne schlaguhr zum aufziehen
1610366842,10.0,Andere Marken,1220.0,Wien,The One SLR113B3
1657974426,50.0,DKNY,1100.0,Wien,"DKNY UHR Keramik Chronograph, Armbanduhr"
1380665381,14500.0,Andere Marken,2500.0,Niederösterreich,Girard Perregaux Laureato 42mm Rosegold Ziffernblatt Limited Edition - Vollset 2024
1537897103,100.0,Andere Marken,9500.0,Kärnten,Valuchi Mondkalender Uhr - 40mm
1187180033,900.0,Andere Marken,4020.0,Oberösterreich,Oris Crown Propilot Big Day Date
811137635,100.0,Andere Marken,4906.0,Oberösterreich,Pierpont Herrenuhr
1330613530,22.0,s.Oliver,5071.0,Salzburg,S. Oliver Uhr
1096800180,66.0,Jacques Lemans,1220.0,Wien,Marken Uhr
1899038515,25.0,Swatch,9854.0,Kärnten,Swatch
1188694484,30.0,Andere Marken,9854.0,Kärnten,Victorinox Armbanduhr
1547907230,20.0,Andere Marken,5071.0,Salzburg,Buffalo Uhr
1582380152,50.0,Fossil,5071.0,Salzburg,Fossil Uhr
1357217176,100.0,Andere Marken,4820.0,Oberösterreich,"Damen Chronograph ""Certina DS PRO Titanium"""
1439779673,5250.0,Cartier,1030.0,Wien,Cartier Tank Divan Weißgold Factory Diamantbesatz
1297068988,1100.0,Longines,1100.0,Wien,Longines Conquest St. Moritz
1089936895,50.0,Andere Marken,4820.0,Oberösterreich,Damenchronograph Detomaso Sofia
1661844806,30.0,Andere Marken,5630.0,Salzburg,Ogival fisk uhr automatic retro Datum............ privatverkauf ohne Rücknahme oder Umtausch
1095441229,99.0,Andere Marken,1110.0,Wien,Doxa uhr
1883849658,1050.0,Maurice Lacroix,1100.0,Wien,Maurice Lacroix 2746
1876583718,35.0,Casio,5630.0,Salzburg,Casio Vintage Armbanduhr Alarm und Chronograph... privatverkauf ohne Rücknahme oder Umtausch
850545950,690.0,Andere Marken,1100.0,Wien,EDOX Chronorally-S
1115490079,90.0,Jacques Lemans,9330.0,Kärnten,Jacques le mans uhr
1795742528,75.0,Andere Marken,9330.0,Kärnten,Henry London Uhr
808235720,25.0,Andere Marken,5630.0,Salzburg,Pierre Cardin Herrenuhr.............. Privatverkauf ohne Rücknahme oder Umtausch
1343675191,420.0,Tissot,1100.0,Wien,Tissot Seastar
974016331,55.0,Andere Marken,4786.0,Oberösterreich,PAUL HEWITT Armbanduhren und Armbänder
1950207791,20.0,Esprit,4786.0,Oberösterreich,Esprit Damen Uhr
2057602526,90.0,Andere Marken,8055.0,Steiermark,Armbanduhr VESPA Neu
1786663322,35.0,Ice watch,2372.0,Niederösterreich,Ice Watch
1008469350,55.0,Michael Kors,1220.0,Wien,Michael Kors Uhr - Roségold
1929056565,30.0,Andere Marken,4786.0,Oberösterreich,Rare Series 007 Spiegel Uhr
947900582,300.0,Casio,8053.0,Steiermark,Casio Edifice NISMO Limited Edition
1749151715,16.0,Andere Marken,3400.0,Niederösterreich,Ausgefallene Modeuhr
1298848647,25.0,Andere Marken,5630.0,Salzburg,"Zwei wunderschöne Uhren, die eine Batterie benötigen. Privatverkauf, keine Rückgabe oder Umtausch."
1778391899,60.0,DKNY,4786.0,Oberösterreich,Damenuhr DKNY
1281679844,80.0,Festina,8055.0,Steiermark,Uhr
1480235935,5.0,Andere Marken,6361.0,Tirol,DAVIS Uhr
1662536293,20.0,Fossil,6361.0,Tirol,Fossil Uhr
1457423891,80.0,Jacques Lemans,8053.0,Steiermark,Armbanduhr Jacques Lemans
1148124654,4.99,Andere Marken,4400.0,Oberösterreich,"Konvolut an Armbanduhren/ Uhren - 4,99 Euro je Stück oder alles zusammen um 19,99 Euro"
1700755566,25.0,Swatch,1050.0,Wien,Vintage Swatch Chronograph
1929916614,70.0,Jacques Lemans,8053.0,Steiermark,Armbanduhr Jacques Lemans
1444429435,35.0,Andere Marken,4030.0,Oberösterreich,KangaROSS Vintage Damen Armbanduhr siehe Fotos Uhr
1831678025,50.0,Andere Marken,2483.0,Niederösterreich,Liebeskind Damenuhr
1004896069,60.0,Diesel,8940.0,Steiermark,Diesel Uhr
1525723507,60.0,Jacques Lemans,8053.0,Steiermark,Armbanduhr Jacques Lemans
1310068061,30.0,Andere Marken,1050.0,Wien,"Elegante Anne Klein Uhr, Modell 10-5177G, Quarz, Damenuhr"
1155622608,60.0,Jacques Lemans,8055.0,Steiermark,Uhr
1005311693,50.0,JOOP,2483.0,Niederösterreich,Joop Damen Uhr
1062518856,50.0,Andere Marken,2483.0,Niederösterreich,Breil Damenuhr
963174472,45.0,Andere Marken,4030.0,Oberösterreich,Zentra Vitage Armbanduhr Handaufzug siehe Fotos
1274239516,50.0,Junghans,1050.0,Wien,Junghans Vintage Uhr | 17 Jewels Handaufzug | Herrenuhr Made in Germany
1835684911,320.0,Junghans,4055.0,Oberösterreich,JUNGHANS MEISTER
1488361052,145.0,Omega,4055.0,Oberösterreich,OMEGA HANDAUFZUG
1756641057,50.0,Swatch,1050.0,Wien,Sammler Pop Swatch Uhr mit Teufel/ Flammen-Zifferblatt von 1994
957016330,9.0,Andere Marken,9462.0,Kärnten,Damen Armbanduhr neu
1661915579,20.0,Esprit,2483.0,Niederösterreich,Esprit Damenuhr
1656792504,162.0,Andere Marken,4030.0,Oberösterreich,Guda Supermatic Vitage Armbanduhr siehe Fotos Super Matic Uhr
2126743886,55.0,Andere Marken,5020.0,Salzburg,Damenuhr Kapten & Son
1562254718,5.0,Andere Marken,2191.0,Niederösterreich,Uhren - Armband
990743691,41.0,Jacques Lemans,8523.0,Steiermark,Jacques Lemans
865808343,4900.0,Rolex,9500.0,Kärnten,Rolex Datejust 36
1651220527,3.0,Andere Marken,4600.0,Oberösterreich,Herrenuhr
1241148547,40.0,Festina,6020.0,Tirol,Herrenuhr
1570311940,20.0,Diesel,8141.0,Steiermark,Diesel Armbanduhr
1259148826,20.0,Esprit,2231.0,Niederösterreich,Esprit Damenuhr
773720762,25.0,DKNY,2231.0,Niederösterreich,DKNY Armbanduhr Damen
1009166784,35.0,Esprit,8561.0,Steiermark,Damenuhren 2x
2123070608,1.0,Andere Marken,7163.0,Burgenland,Uhr
1113614546,70.0,Thomas Sabo,1220.0,Wien,Thomas Sabo Herren-Armbanduhr
1967075069,445.0,Andere Marken,1160.0,Wien,"GOSTREST TOTSHMECH ca. 100 J. alt, erste frühsowjetische Uhr der UdSSR"
974390786,35.0,Diesel,2100.0,Niederösterreich,Diesel Herren Uhren
1878021757,550.0,Junghans,7051.0,Burgenland,Junghans Damenarmbanduhr
1226038330,10.0,Andere Marken,1210.0,Wien,Armbanduhr
1053923790,300.0,Seiko,1230.0,Wien,Seiko
1969131129,29.99,Andere Marken,8542.0,Steiermark,Alte Vintage Eisenhardt Qwartz!
1443574773,9.99,Andere Marken,8542.0,Steiermark,"Schöne Damenuhr , Wie Neu!"
1938705279,25.0,Andere Marken,9020.0,Kärnten,Alpha Saphir Marken Uhren - 70%
1280719129,140.0,Omega,2751.0,Niederösterreich,Helvetia Automatik
1317336224,9.99,Andere Marken,8542.0,Steiermark,Damenuhr Neuwertig!
1172083054,99.0,Seiko,8831.0,Steiermark,Seiko Arctura Kinetic Cronograph
1982850987,135.0,Omega,2751.0,Niederösterreich,Royce Schweizer Automatikuhr
1977645184,20.0,Daniel Wellington,6130.0,Tirol,Daniel Wellington
1739532862,25.0,Casio,1220.0,Wien,Armbanduhr Casio
1140296555,55.0,Andere Marken,2700.0,Niederösterreich,Toto / Lotto - Trice Watch Inc. Handaufzug - Armbanduhr
953418935,45.0,Guess,1210.0,Wien,Guess Damen Uhr
2124129312,70.0,Swatch,4481.0,Oberösterreich,Swatch Uhr pink blau schwarz
1831730129,60.0,Andere Marken,4730.0,Oberösterreich,Luna Uhr
2046858353,30.0,Esprit,1210.0,Wien,Esprit damen Uhr
1121921720,59.0,Andere Marken,7343.0,Burgenland,Damen Armbanduhr
1725161893,230.0,Tissot,1080.0,Wien,Tissot T-Touch II Titanium Lady
980096416,40.0,Esprit,5261.0,Oberösterreich,Esprit Damen Uhr
2014498542,7200.0,Rolex,4020.0,Oberösterreich,Rolex Explorer 2 16570
1826328133,95.0,Tommy Hilfiger,4880.0,Oberösterreich,Tommy Hilfiger Uhr
1704351450,30.0,Andere Marken,3142.0,Niederösterreich,Armbanduhr digital 3 Stück 30 Euro (Neu)
1047797953,120.0,Andere Marken,4880.0,Oberösterreich,Holzker Uhr
1150164368,3.0,Andere Marken,4020.0,Oberösterreich,Neu / Armband Uhr/ Excellanc/ QUARTZ / Unisex/
887960937,50.0,Police,8453.0,Steiermark,Police Uhr
1735136693,620.0,Omega,8042.0,Steiermark,"Omega De Ville, neues Leder-Uhrband, neue Batterie, Originalschatulle."
2059226380,94.0,Jacques Lemans,3100.0,Niederösterreich,Jaques Lemans Quartz Nr. 622
1391018780,45.0,Citizen,2700.0,Niederösterreich,CITIZEN Herren-Armbanduhr
1878246614,6500.0,Panerai,8430.0,Steiermark,Panerai Submersible 42mm
1016240159,15.0,Swatch,4100.0,Oberösterreich,Uhr Swatch
943304244,315.0,Swatch,6020.0,Tirol,Omega x Swatch MoonSwatch - Snoopy
1280440661,25.0,Citizen,4100.0,Oberösterreich,Uhr Q&Q (CITIZEN)
1770981181,10.0,Andere Marken,4100.0,Oberösterreich,Uhr
1123106804,90.0,Swarovski,5142.0,Oberösterreich,Swarovski Damen Uhr
1101327098,25.0,Andere Marken,4600.0,Oberösterreich,NEUE NICK VAN HILL Damen Armbanduhr in Silber mit Steinen.
1577549290,55.0,Andere Marken,4100.0,Oberösterreich,Uhr SEKONDA NEU
1937194579,65.0,Swatch,9020.0,Kärnten,Damen SWATCH UHR NEUWARE
982052558,25.0,DKNY,1220.0,Wien,DKNY Damen Armbanduhr inkl OVP
1754416912,50.0,Andere Marken,6112.0,Tirol,Julie Julsen Damenuhr (sehr dezent)
1865304468,20.0,Andere Marken,1100.0,Wien,Axcent Armbanduhr
1607907756,18.0,Andere Marken,8230.0,Steiermark,Armband Uhr/ Disney
1993196670,20.0,DKNY,1100.0,Wien,DKNY Armbanduhr
1892656957,99.0,Andere Marken,6150.0,Tirol,NEU - OZ Racing Chronograph Uhr | ungetragen & versiegelt | Originalbox
1057844965,4.9,Andere Marken,4655.0,Oberösterreich,Madison Quartz Armbanduhr
928604217,399.0,Andere Marken,42656.0,Solingen,ENICAR SHERPA STAR AUTOMATIK 165D SAPPHIRE GOLD LUXUS SWISS UHR + MILANAISEBAND
836658664,2500.0,Andere Marken,42656.0,Solingen,6 x Franck Muller Zifferblatt
782010598,13990.0,Rolex,2231.0,Niederösterreich,Rolex DEEPSEA James Cameron NEU/ UNGETRAGEN preis VB Fullset Erstkaufrechnung Teilverklebt
1021658548,250.0,Swarovski,42656.0,Solingen,Schöne Damenuhr von Swarovski
906828436,1.0,Andere Marken,8141.0,Steiermark,Alte Armbanduhr
1030861699,550.0,Andere Marken,42656.0,Solingen,Jean Marcel SWISS MADE AUTOMATIC DAY & DATE HAU. UNISEX AU. GLASBODEN
1387818029,250.0,Seiko,42656.0,Solingen,Herren und Damenuhr von Seiko
1570502758,3900.0,Breitling,6176.0,Tirol,BREITLING CHRONOMAT SELTENES BORDEAUX-ZIFFERBLATT RAR FULLSET
1532542997,150.0,Seiko,42656.0,Solingen,Schöne Seiko Uhr
1010103015,79.0,Esprit,42656.0,Solingen,Schöne Uhr von Esprit
2049695729,150.0,Citizen,42656.0,Solingen,Schöne Damenuhr von Citizen
1223890088,50.0,Junghans,42656.0,Solingen,Junghans Quartzuhr 38 mm
2100885630,450.0,Andere Marken,42656.0,Solingen,Damen Michel Herbelin Kharga Quarzuhr Ref. 34472 Saphirglas white Dial
2146269067,150.0,Diesel,9500.0,Kärnten,Diesel Chronograph Mega Chief
1600170142,550.0,Andere Marken,42656.0,Solingen,Michel Herbelin Newport Trophy Chronograph Ø 35 mm Ref. 34491 300M 8 Diamanten
1121476403,750.0,Gucci,42656.0,Solingen,GUCCI Damen Uhr YA142403 mit Diamanten NP: 1099 Euro
1789033392,350.0,Raymond Weil,42656.0,Solingen,Sehr schöne Damenuhr von Raymond Weil
1290251198,150.0,Andere Marken,42656.0,Solingen,Constantin Durmont Herren Datum Chronograph Serie Serial 058 neue Batterie
1120854860,30.0,Michael Kors,6130.0,Tirol,Original Michael Kors Armbanduhr
1469318320,499.0,Andere Marken,2700.0,Niederösterreich,Herrenuhr der Marke Michel Herbelin
1672240520,30.0,Fossil,2542.0,Niederösterreich,Fossil Chronograph Herren Armbanduhr
1485562385,290.0,Citizen,5020.0,Salzburg,CITIZEN PROMASTER CB5865-15E (Versand inkl.)
791038617,80.0,Michael Kors,1200.0,Wien,Uhr
1026478763,230.0,Armani,8042.0,Steiermark,"Emporio Armani, Model Ar. 1979, NEU"
1044436403,1400.0,Longines,2630.0,Niederösterreich,Longines Master Collection L2.628.4.78.3 Automatikuhr
780799633,60.0,Diesel,3133.0,Niederösterreich,Diesel
1274970121,30.0,Andere Marken,5201.0,Salzburg,Marc Jacobs Uhr
1062570648,205.0,Tissot,4451.0,Oberösterreich,Tissot Visodate Vintage automatik Herrenuhr
1633099637,30.0,Andere Marken,1050.0,Wien,"Vintage-Armbanduhr ""Side Watch"" - Swiss Made"
1989828130,30.0,Andere Marken,5201.0,Salzburg,Marc Jacobs Uhr
979565802,4.0,Andere Marken,8010.0,Steiermark,Damen Armbanduhr
2119177629,18.0,Andere Marken,4150.0,Oberösterreich,Verkaufe schwarze Madison New York Armbanduhr
787455001,150.0,Andere Marken,9125.0,Kärnten,KHS Shooter
1389562124,20.0,Andere Marken,4150.0,Oberösterreich,Verkaufe Madison Candy Time Kinderarmbanduhr
1268267937,29.0,Andere Marken,7463.0,Burgenland,Herren Chronograph der Marke Enrico Elle
1103710373,15.0,Andere Marken,7463.0,Burgenland,Konvolut Uhren Herren mit neuer Batterie
1296649118,20.0,Andere Marken,4020.0,Oberösterreich,Uhren
1965033660,30.0,Andere Marken,7463.0,Burgenland,Original Matrix Damenuhr
1654434180,30.0,Andere Marken,7463.0,Burgenland,Original Matrix Herrenuhr
1014284313,490.0,Andere Marken,3464.0,Niederösterreich,Nelco Vintage Diver
1801564167,120.0,Festina,9125.0,Kärnten,Festina Chronograph
1355301695,10.0,Festina,3300.0,Niederösterreich,Damenuhren
1169419274,12.0,Andere Marken,8010.0,Steiermark,Armbanduhr Farbe braun gold
1941839465,45.0,Diesel,1220.0,Wien,Diesel Armbanduhr mit Gummiband
1662099059,180.0,Andere Marken,9125.0,Kärnten,Pulsar
1122387925,100.0,Andere Marken,6020.0,Tirol,Roamer Armbanduhr (Searock)
1538886353,20.0,Andere Marken,1110.0,Wien,Herrenarmbanduhr RENAULT
2037620200,5.0,Andere Marken,3492.0,Niederösterreich,Damenuhr
773502700,50.0,Andere Marken,6020.0,Tirol,The One Uhr
1334013342,30.0,Adidas,2500.0,Niederösterreich,"Armbanduhr Original Adidas , mit neuer Batterie, unisex"
1322870922,5.0,Andere Marken,3492.0,Niederösterreich,Damenuhr
917651136,100.0,Casio,9125.0,Kärnten,Casio Pathfinder Tauchen Uhren
1792436385,25.0,Andere Marken,1110.0,Wien,"Meister Anker, Vintage , Digital Uhr"
840902316,25.0,Andere Marken,1110.0,Wien,Vintage Neue Piratron Digitale Uhr
1334195052,100.0,Citizen,9125.0,Kärnten,(reserviert) Citizen Promaster solaruhr
797747796,4799.0,Rolex,9300.0,Kärnten,Rolex Air-King Blue Dial 14010
1202923849,30.0,Andere Marken,8063.0,Steiermark,3 Uhren
2092133303,25.0,Swatch,7350.0,Burgenland,Swatch Uhr
1889489554,10.0,Andere Marken,8151.0,Steiermark,"Verschiedene Uhren... ab 10 Euro/ 25,00 €"
1927222356,80.0,Boss,8010.0,Steiermark,Hugo Boss Uhr
1460944959,35.0,Andere Marken,2514.0,Niederösterreich,Paul Hewitt Atlantic Line
819897627,12.0,Andere Marken,5061.0,Salzburg,Armbanduhr Playboy
1051618678,50.0,Michael Kors,1140.0,Wien,Michael Kors Armbanduhr MK8182
884360919,50.0,Andere Marken,4644.0,Oberösterreich,R. Royce Armbanduhr - Vintage
872741928,59.0,Swatch,2100.0,Niederösterreich,1 weiße SWATCH-DAMENUHR mit METALLBAND
950057618,49.99,Esprit,1220.0,Wien,Esprit Damen Edelstahl Chronograph neuer Preis
1239252993,113.0,Jacques Lemans,1090.0,Wien,Jacques Lemans Keramikuhr
814281582,50.0,Cluse,2500.0,Niederösterreich,"Modische NEUE CLUSE Armbanduhr gold/ schwarz mit Lederband und grauem Leder-Etui/ Geschenk, Muttertag, Vatertag, Geburtstag, Firmung, etc"
1064071251,115.0,Casio,1220.0,Wien,Casio- G- Shock
1947298825,49.0,Jacques Lemans,1090.0,Wien,Damenuhr Jacques Lemans
908423809,15.0,Andere Marken,1090.0,Wien,Amy Vermont Damenbanduhren
1256084150,60.0,Andere Marken,2301.0,Niederösterreich,Helvetia Armbanduhr mit Garantieschein
1223118193,22.0,Andere Marken,1090.0,Wien,Quartzuhr Meisteranker
1884154985,480.0,Breitling,1100.0,Wien,Vintage BREITLING GENEVE Handaufzug
1294810161,50.0,Jacques Lemans,4810.0,Oberösterreich,Herrenuhr Jacques Lemans
2086535824,32.0,Andere Marken,2700.0,Niederösterreich,Bering Damenuhr
823306056,20.0,Andere Marken,1090.0,Wien,Uhr
890590829,80.0,Fossil,1090.0,Wien,Fossil Uhr
915214565,209.0,Maurice Lacroix,2325.0,Niederösterreich,HERRENARMBANDUHR Maurice Lacroix
1979636609,199.0,Andere Marken,2325.0,Niederösterreich,HERREN ARMBANDUHR DOXA QUARTZ 4664
1650622266,90.0,Daniel Wellington,1090.0,Wien,Daniel Wellington Uhr
1238708960,15.0,Andere Marken,3500.0,Niederösterreich,Uhr
996362747,299.0,Andere Marken,9020.0,Kärnten,Patek Philippe Nautilus Ref. 3800 - originale Armbandglieder (14 mm)
1070074701,30.0,Andere Marken,3500.0,Niederösterreich,Damenuhren
1174098987,380.0,Omega,8055.0,Steiermark,Omega Vintage Uhr
1285437714,350.0,Andere Marken,9020.0,Kärnten,Original Ferrari Scuderia Uhr mit Kautschukband Nagelneu zu verkaufen
2133833977,25.0,Casio,3500.0,Niederösterreich,Armbanduhr
929616761,80.0,Andere Marken,1050.0,Wien,Skagen Armbanduhr
1946358339,40.0,Swatch,3500.0,Niederösterreich,Swatch
1321401287,65.0,Swatch,3500.0,Niederösterreich,Pop Swatch
773926772,200.0,Glashütte,1050.0,Wien,Glashütte Armbanduhr
801069752,45.0,Andere Marken,2380.0,Niederösterreich,"Armbanduhr von "" The One"""
2058283113,27.0,Andere Marken,1150.0,Wien,"Armbanduhr - NEU - edel, stylischer Weissgoldlook unisex für Damen und Herren tragbar"
1773181171,190.0,Andere Marken,1090.0,Wien,Bulova 96B311
817421086,26.0,Andere Marken,1150.0,Wien,"Armbanduhr - NEU - stylisch, edle goldfarbige Armbahnduhr - Echtgoldlook - Durchmesser ca. 4,5 cm. Armbandlänge ca. 19 cm"
1853204538,330.0,Swatch,9122.0,Kärnten,Swatch HOLLYWOOD DREAM 1990 +++ KULT-UHR+++
1613375339,50.0,Jacques Lemans,1110.0,Wien,"Jaques Lemans NEU,50 Jahre Donaulände, Chronograph"
1831160450,5.0,Andere Marken,3830.0,Niederösterreich,Damenuhr
1582117406,175.0,Swarovski,1180.0,Wien,DAMENUHR/ UHR SWAROVSKI OCTEA LUX CHRONO
1006046685,70.0,Andere Marken,9065.0,Kärnten,Damen Uhr ROYCE mit Zugband Neupreis 159. - Euro Goldfarben sehr schöner Zustand
859800896,10.0,Andere Marken,2042.0,Niederösterreich,NEUE Uhr
1453957128,50.0,Andere Marken,4020.0,Oberösterreich,Herren Armbanduhr Tendence
1957885582,250.0,Andere Marken,6067.0,Tirol,"Kronsegler 780 Balance, T-Edition Automatik Uhr"
1544495269,485.0,Longines,2402.0,Niederösterreich,Longines Automatik Design Rudolphe Cattin
1610482505,259.0,Andere Marken,2402.0,Niederösterreich,Ballast Automatik
986761740,130.0,Andere Marken,6067.0,Tirol,"Renault F1 Team 2006, Arthus-Bertrand Ltd. Edition 0833/ von 3000"
2142576856,13.0,Andere Marken,4653.0,Oberösterreich,NEU Herren Armbanduhr inkl. Ersatz Batterie
964062182,15.0,Puma,8434.0,Steiermark,Puma Armbanduhr
1971826965,49.0,Esprit,1210.0,Wien,ESPRIT Damenarmbanduhr goldfarben oval weißes Ziffernblatt mit Locharmband
1467321117,14.0,Andere Marken,8302.0,Steiermark,Armbanduhr Herren
817824239,5.0,Andere Marken,9300.0,Kärnten,Uhren
1579002618,4499.0,Breitling,1220.0,Wien,Breitling Superocean HERITAGE II Chronographe 46 Stahl Automatik
1095726022,5.0,Andere Marken,1230.0,Wien,"Klassische Armbanduhren, die großen Armbanduhren und Ihre Hersteller von den Anfängen bis heute, von Michael Balfour, weiter Info siehe Beschreibung,"
1109284582,33.0,Ice watch,9100.0,Kärnten,ICE WATCH Swarovski
1774994041,85.0,Swarovski,1180.0,Wien,SWAROVSKI DAMENUHR/ UHR/ ARMBANDUHR
924884774,620.0,Swatch,4600.0,Oberösterreich,Omega Swatch Mission to the Moonphase Full Set
1265455792,35.0,Fossil,6830.0,Vorarlberg,Herrenuhr (Fossil)
1055434190,100.0,Andere Marken,1020.0,Wien,Marc Jacobs Henry Chrono Rose Gold
801293714,350.0,Tissot,5020.0,Salzburg,Uhr Tissot
1149460738,450.0,Seiko,1110.0,Wien,Seiko Prospex Taucheruhr SEA SPB301J1
1523135025,60.0,Andere Marken,2620.0,Niederösterreich,Uhr von lee cooper
1134690922,25.0,Swatch,3500.0,Niederösterreich,Swatch
1507198065,140.0,Andere Marken,3500.0,Niederösterreich,Herren Armbanduhr
1098154150,55.0,Andere Marken,8570.0,Steiermark,Alte Uhr
1529171726,5099.0,Breitling,8430.0,Steiermark,Breitling Superocean Heritage 2024
1442668361,100.0,Andere Marken,1090.0,Wien,Isabella Ford Damen Uhr
1478843194,7.0,Andere Marken,4910.0,Oberösterreich,Damenuhr mit Blumenmotiv
1734821647,70.0,Andere Marken,4311.0,Oberösterreich,Armbanduhr frozzen Design
1109069325,65.0,Fossil,2230.0,Niederösterreich,Fossil Damen Uhr
1210051380,99.0,Boss,9586.0,Kärnten,Hugo Boss Armband Uhr herren
1180773995,1299.0,Andere Marken,9586.0,Kärnten,"Jason Tailor Invicta Reserve 32552 JT Venum SA Dragon Lt Ed Schweizer Quartz-Chronograph-Armbanduhr, 52mm"
925149263,10.0,Andere Marken,8160.0,Steiermark,Armbanduhr
1367408877,100.0,Fossil,1070.0,Wien,Fossil Charlie Armbanduhr
2026937097,2750.0,,40474.0,Düsseldorf,Omega Seamaster Diver 300m 41mm Automatik 25318000 Without Accessories
1920667480,2650.0,,40474.0,Düsseldorf,Omega Seamaster Aqua Terra 36mm Quarz 23183000 Without Accessories
1899089752,3250.0,,40474.0,Düsseldorf,Omega Speedmaster Racing 40mm Automatik 32630405001002 Box + og. Papiere
886068053,220.0,Tissot,4020.0,Oberösterreich,tissot visodate camping automatic
812000668,55.0,Andere Marken,2551.0,Niederösterreich,Olympia 17 RUBIS Wehrmachtswerk INCABLOCK
1232231925,20.0,Andere Marken,9100.0,Kärnten,12 defekte Armbanduhren
1158288313,120.0,Tissot,4020.0,Oberösterreich,tissot seastar seven handaufzug vintageuhr
1488363268,4400.0,Omega,5020.0,Salzburg,Omega Seamaster Diver 300m Blau
1458141288,400.0,Seiko,4030.0,Oberösterreich,Seiko GMT5
2008531174,380.0,Raymond Weil,1120.0,Wien,Damenuhr
1639752243,2690.0,Zenith,8720.0,Steiermark,Zenith El-Primero
2099704029,20.0,Casio,1160.0,Wien,G-SHOCK BOX
1387665742,100.0,Swatch,5020.0,Salzburg,Swatch Swiss - Modell Gk143 - Gold Vintage - selten
1462478776,50.0,Michael Kors,1100.0,Wien,Michael Kors Uhr
2001109684,55.0,Andere Marken,4600.0,Oberösterreich,Armbanduhr Damen
1510958273,2800.0,Andere Marken,1200.0,Wien,Ebel Uhr-set mit Rechnung
935186356,5300.0,Andere Marken,1200.0,Wien,Ebel 1911 Herrenuhr mit Rechnung
1911473869,87.0,Casio,5760.0,Salzburg,Casio G-shock GW-5610U
1402187082,198.0,Andere Marken,2201.0,Niederösterreich,DOXA Damenarmbanduhr mit Lederband/ Mechanisch
1050124372,15.0,Andere Marken,4020.0,Oberösterreich,NIMM 4 ZAHL 3 - Alte Automatic Damenarmbanduhr Uhr EDOX läuft
1221003301,600.0,Andere Marken,6020.0,Tirol,Chanel Uhr
1735693925,82.0,Andere Marken,2700.0,Niederösterreich,Wunderschöner Eleganter blauer  Chronograph
1547612100,159.0,Jacques Lemans,3435.0,Niederösterreich,JACQUES LEMANS UHR Titan Neuwertig
1203668435,230.0,Maurice Lacroix,1220.0,Wien,"Maurice Lacroix Eliros - Special Edition, Gold, Lederband, Damen, Herren, Unisex"
1842194592,1950.0,Glashütte,2380.0,Niederösterreich,Glashütte Nomos Tangente 2DATE
1661558661,130.0,Armani,1120.0,Wien,Armani Uhr Orginal
937552658,80.0,Andere Marken,1020.0,Wien,Vintage Sullor Handaufzugsuhr - Swiss Made Klassiker mit Goldgehäuse
1271003577,220.0,Andere Marken,2011.0,Budakalasz,Glashütte - Wunderschöne klassische Armbanduhr - 220 Euro
2145142846,185.0,Glashütte,2011.0,Budakalasz,Schöne GLASHÜTTE mechanishe vintage uhr in neuwertige zustand.
1233034297,10.0,Andere Marken,1040.0,Wien,Eternal Love Uhr
2040210125,140.0,Andere Marken,2011.0,Budakalasz,Chrono Uhr von Alexandre Christie nur 160 Euro
2003024054,250.0,Casio,2011.0,Budakalasz,Seltene CASIO Hotbiz digitale armband uhr
912646006,850.0,Seiko,2011.0,Budakalasz,"Seiko ""UFO"" Vintage Automatik Armbanduhr, Neuwerige Zustand"
775150882,140.0,Andere Marken,2011.0,Budakalasz,NIVADA mechanishe vintage uhr in neuwertige zustand (sammlerstück von 60-ige jahre)
798333903,220.0,Andere Marken,2011.0,Budakalasz,ROTARY Armbanduhr
1282174493,150.0,Andere Marken,2011.0,Budakalasz,SLAVA Automatic - Armband Uhr Made in USSR - Nur 150 Euro
1067599600,180.0,Andere Marken,2011.0,Budakalasz,NIVADA mechanishe vintage uhr in neuwertige zustand
1165386823,80.0,Andere Marken,2011.0,Budakalasz,"ENDURA DE LUXE mechanische uhr, schöne zustand"
2137171852,175.0,Andere Marken,2011.0,Budakalasz,Schöne und seltene ARNETTE digital armband uhr von den USA
1926208947,350.0,Andere Marken,2011.0,Budakalasz,"DIFOR mechanishe vintage uhr in, neuwertige zustand"
825258523,150.0,Andere Marken,2011.0,Budakalasz,Poljot Armbanduhr - Moskau Olimpiade 1980 - Limitierte ausgabe - Selten gesehen. Neuwertig.
854478976,120.0,Andere Marken,2011.0,Budakalasz,Candino Vintage Armband Uhr - 120 Euro
1798993876,140.0,Andere Marken,2011.0,Budakalasz,SLAVA Quartz - Armband Uhr Made in USSR - Nur 140 Euro
1116424850,310.0,Andere Marken,2011.0,Budakalasz,Wunderschöne blaue Certina DS Rookie armbamnd uhr
799802624,120.0,Andere Marken,2011.0,Budakalasz,"""big size"" ZOPPINO armband uhr in schöne zustand"
1849200300,280.0,Casio,2011.0,Budakalasz,Seltene CASIO Hotbiz digitale armband uhr in gute zustand
1341519791,175.0,Seiko,2011.0,Budakalasz,Seiko Chrono Uhr - 175 Eur.
1772490526,260.0,Andere Marken,2011.0,Budakalasz,Schöne Marvin mechanische Armbanduhr
1288316392,140.0,Citizen,2011.0,Budakalasz,Citizen Eco Drive - Neuwertig nur 140 Euro
1115154386,260.0,Tissot,2011.0,Budakalasz,"Tissot Vintage digital Armband Uhr von der 70-er, neuwertige raritat, NOS zustand"
1459883558,220.0,Andere Marken,2011.0,Budakalasz,BLADE Chrono herren armband uhr
931713623,210.0,Diesel,8605.0,Steiermark,Diesel Herren Uhr DZ7314
1295978053,190.0,Andere Marken,2011.0,Budakalasz,"BIRKS Vintage LED damen uhr, neuwertige zustand"
902521065,270.0,Andere Marken,2011.0,Budakalasz,CERTINA DS-ROOKIE quartz uhr in neuwertige zustand
1841013319,120.0,Andere Marken,2011.0,Budakalasz,Chrono armbandunr von Alexandre Christie - Nur 120 Euro
1667774126,210.0,Andere Marken,2011.0,Budakalasz,Wunderschöne vintage MONARCH automatik uhr in neuwertige zustand
1581707375,120.0,Andere Marken,2011.0,Budakalasz,Schöne ORIENT SK Retro Automatik Vintage Edition
1962956717,320.0,Andere Marken,2011.0,Budakalasz,Schöne vintage ROAMER MEDANA automatik uhr
921906537,240.0,Andere Marken,2011.0,Budakalasz,Marvin mechanische armbanduhr
2042928562,190.0,Andere Marken,2011.0,Budakalasz,Blade Chrono Uhr - 190 Euro
1739591410,210.0,Andere Marken,2011.0,Budakalasz,ORIENT Automatik armband uhr von den 70-ere
1664619902,150.0,Seiko,2011.0,Budakalasz,Seiko Ana-Digi Armbanduhr selten gesehen - Einwandfrei
1607425256,180.0,Andere Marken,2011.0,Budakalasz,Keneth Cole Skeleton Uhr
1057550558,220.0,Jacques Lemans,2011.0,Budakalasz,Wundeschöne JACQUES LEMANS quartz uhr in neuwertige zustand
2084006656,130.0,Andere Marken,2011.0,Budakalasz,ZENTRA digitale armband uhr
1421743714,95.0,Andere Marken,2011.0,Budakalasz,Zoppino Big Size Chrono Uhr - 95 Eur
909909946,800.0,Longines,6020.0,Tirol,"LONGINES Uhr, Grand Classique, silber"
1469883042,180.0,Fossil,1110.0,Wien,Armbanduhr
1926716620,80.0,Andere Marken,3004.0,Niederösterreich,Skagen Edelstahl-Armbanduhr
2041753879,80.0,Andere Marken,3004.0,Niederösterreich,Bering Edelstahluhr Damen
1306175468,150.0,Raymond Weil,1110.0,Wien,"Raymond Weil 9117 Herren Quarz Armbanduhr, Swiss Made"
1959253264,35.0,Swatch,1110.0,Wien,Swatch - BEAT ALU SYNCHRO
1041354929,150.0,Andere Marken,1110.0,Wien,Montine of Switzerland - Vintage Herrenarmbanduhr - 1970er
972486091,60.0,Andere Marken,1110.0,Wien,Watex Antimagnetic - Armbanduhr
880347531,60.0,Andere Marken,1220.0,Wien,Waidzeit Barrique Weinfass Holzuhr mit neuer Batterie
1235607549,69.0,Citizen,1110.0,Wien,"Citizen Sapphire WR100 Herrenuhr Quartz Stahl 38,5 mm"
1028961285,90.0,Andere Marken,1220.0,Wien,Valentinstagsgeschenk Waidzeit Grapevine Herren und Damen Uhrenset mit neuer Batterie
1334392631,70.0,Andere Marken,1110.0,Wien,Certina DS 200M Sapphire - 111-7120-44 - Damenuhr aus Stahl - ca.1990-1995
1046269836,50.0,Swatch,1110.0,Wien,SWATCH BIG MOUNTAIN PRO -NEU-
2029674793,150.0,Andere Marken,1110.0,Wien,LCD Vintage Watch Alarm Chronograph TA Partner - Herrenarmbanduhr
1183977756,49.0,Andere Marken,1110.0,Wien,"Anker 60er Jahre HAU, UMF 24-32 Vintage - Herrenarmbanduhr"
1067909502,300.0,Armani,1110.0,Wien,Armani Uhr
1634560070,350.0,Citizen,1110.0,Wien,CITIZEN BZT G116 523E Titanium Eco Drive Funk-Solar
1673735528,20.0,Tommy Hilfiger,1130.0,Wien,Tommy Hilfiger Uhr
1538977662,40.0,Andere Marken,1110.0,Wien,Pesag as 1187 - Herrenarmbanduhr Ø35mm
1082947744,39.0,Swatch,2320.0,Niederösterreich,Swatch Herren-Armbanduhr Chronograph Stahl Trend
1124263619,39.0,Swatch,2320.0,Niederösterreich,Swatch Herren-Armbanduhr Chronograph Stahl Trend
1062970301,70.0,Swatch,2320.0,Niederösterreich,Swatch - Herrenuhr - 1993 Automatic
1229495840,140.0,Junghans,2320.0,Niederösterreich,JUNGHANS kleine Sekunde Cal. 93S Trilastic Manufaktur 1960er Jahre
1102710390,180.0,Junghans,2320.0,Niederösterreich,Junghans 620.10 Sub-Sekunden - Mittelgroße Armbanduhr - 60er Jahren
984081424,129.0,Seiko,2320.0,Niederösterreich,Seiko 5 Automatic - 6309-8840 - Herrenarmbanduhr
1790379388,100.0,Andere Marken,2320.0,Niederösterreich,Schöne militärische Stil Visconte 1965 17 Juwel Vintage Schweizer Uhr
2125657842,39.0,Fossil,2320.0,Niederösterreich,Fossil Herren-Armbanduhr XL Sport Analog Edelstahl CH2802
1730124408,350.0,Omega,2320.0,Niederösterreich,OMEGA De Ville AUTOMATIC 551.0061 Kaliber 550 funktioniert
1307673043,30.0,Andere Marken,2320.0,Niederösterreich,Intertronic heavy duty divers watch - Herrenarmbanduhr
775118870,120.0,Andere Marken,2320.0,Niederösterreich,"Doxa by Synchron, cal ETA 2750 - Herrenarmbanduhr"
1845656993,199.0,Citizen,2320.0,Niederösterreich,"CITIZEN AUTOMATIC PROMASTER 8203-824393 GN-4-S DIVER""S 200M"
1622900929,370.0,Andere Marken,1170.0,Wien,Holzkern PACEMAKER Uhr (sehr edel)
1382702699,120.0,Andere Marken,2320.0,Niederösterreich,Anker 17 jewels Uhr 835 Silber
1704930717,199.0,Andere Marken,2320.0,Niederösterreich,ANDRE BOUCHARD UHR 10 KARAT VERGOLDETES GEHÄUSE
1566482025,89.0,Raymond Weil,2320.0,Niederösterreich,Raymond Weil Saxo Herrenarmbanduhr
1542843978,45.0,Andere Marken,2320.0,Niederösterreich,Lorus PC33-C004 - Herrenarmbanduhr
1622229366,70.0,Swatch,2320.0,Niederösterreich,Swatch - Herrenuhr - 1994 Automatic
2146458656,10.0,Esprit,1150.0,Wien,Herren Uhr
1536172662,30.0,Andere Marken,2320.0,Niederösterreich,Zitura 667.20 -Herrenarmbanduhr
911331779,45.0,Casio,2320.0,Niederösterreich,Casio Herren Digital mit Resin Armbanduhr AE 1100W
898105196,850.0,Omega,2320.0,Niederösterreich,Omega Uhr Art Deco CK730.17 Kaliber T17
1133552827,120.0,Andere Marken,2320.0,Niederösterreich,"Pierpont Swiss - Herren-Armbanduhr - Automatik, Stahl - 70er"
1985884600,120.0,Seiko,2320.0,Niederösterreich,Seiko 5 automatic 7009-3040 F - Herrenarmbanduhr
1665174676,49.0,Casio,2320.0,Niederösterreich,Casio Funk Funkchronograph WV-59E
977180939,120.0,Andere Marken,2320.0,Niederösterreich,Certina Quarz 750 3011 41 Herrenarmbanduhr
977180939,120.0,Andere Marken,2320.0,Niederösterreich,Certina Quarz 750 3011 41 Herrenarmbanduhr
1335231287,49.0,Casio,2320.0,Niederösterreich,Casio Wave Ceptor Wrist Watch 2583 Illuminator World 25 Time Zone Wv-55h
908898912,70.0,Andere Marken,2320.0,Niederösterreich,VINTAGE FAVORIT 339 HERRENUHR VERGOLDET HANDAUFZUG-KALIBER LEDERBAND 1960er
1610582351,199.0,Tissot,2320.0,Niederösterreich,Tissot Seastar Herren Vintageuhr Ref. 44585-1X Automatik 1969 -1972 Kaliber 784-2
1439919601,150.0,Andere Marken,2320.0,Niederösterreich,Midilux-Automatik. Vintage - Herrenarmbanduhr
1025953365,179.0,Omega,2320.0,Niederösterreich,Omega De Ville Quartz - Damenuhr
2001479653,29.0,Swatch,2320.0,Niederösterreich,SWATCH BEAT UHR
1529025591,69.0,Seiko,2320.0,Niederösterreich,Pulsar Seiko Kinetic 5M42 - Herrenarmbanduhr
1848502980,8.0,Fossil,8211.0,Steiermark,Fossil Uhr mit 2 Lederarmbänder
1350662550,130.0,Andere Marken,1020.0,Wien,Vintage Repco 2069 Driver's Watch (seitenauflieger)
1739617739,68.0,Cluse,4111.0,Oberösterreich,Cluse Uhr
1527714852,5.0,Ice watch,8211.0,Steiermark,"ICE Watch Armbanduhr, Uhr - Analog"
2143210680,60.0,Andere Marken,1020.0,Wien,Vintage Senta Handaufzug Armbanduhr - Klassisches Design
1114736096,80.0,Andere Marken,3261.0,Niederösterreich,Herren Armbanduhr
2022822536,40.0,Andere Marken,1200.0,Wien,Damen Uhr
1690357428,20.0,Jacques Lemans,1200.0,Wien,Jacques Lemans Damen Uhr
1760470983,20.0,Swarovski,3100.0,Niederösterreich,Uhren
2126792838,80.0,Andere Marken,9500.0,Kärnten,Nivada uhr.
1916749557,280.0,Tissot,1020.0,Wien,Vintage Tissot Seastar 1960 Automatic
1872547078,50.0,Andere Marken,1220.0,Wien,Kate Spade Uhr white with dots
1973922048,117.0,Andere Marken,5224.0,Oberösterreich,Hugo Boss Herren Armbanduhr
1793850131,30.0,Boss,1220.0,Wien,Hugo Boss Uhr Weiß mit Goldener Rand
1557240717,950.0,Andere Marken,8600.0,Steiermark,FURLAN MARRI Sabbio Nero
1584650322,360.0,Andere Marken,1020.0,Wien,Vintage CYMA Herrenuhr Handaufzug - Kaliber R.459 - Swiss Made - Klassiker der 50er Jahre
1853419168,160.0,Citizen,1150.0,Wien,Citizen Eco-Drive Tank Herrenarmbanduhr
817469403,7499.0,Panerai,9400.0,Sopron,Panerai Luminor Chronograph pam01110
1127403159,130.0,Andere Marken,1020.0,Wien,Vintage Helvetia 5271530 HAU mit einzigartiger Patina
2096135496,40.0,Daniel Wellington,1220.0,Wien,Damenuhr
941880874,2400.0,Longines,8600.0,Steiermark,LONGINES Legend Diver
943616741,25.0,Swatch,2230.0,Niederösterreich,Swatch Armbanduhr
919911634,80.0,Jacques Lemans,1120.0,Wien,Jacques Lemans Solar Eco Power 1-2115D Chronograph
880646397,70.0,Andere Marken,1020.0,Wien,Vintage Favorit Date - Klassische Handaufzugsuhr mit Datumsanzeige
1427806914,65.0,Fossil,3231.0,Niederösterreich,Fossil Armbanduhr
1105779188,70.0,Andere Marken,1020.0,Wien,Newton Automatic - Elegante Vintage-Herrenuhr
1246853577,650.0,Andere Marken,1220.0,Wien,Herren Uhr Krontaler
1917511832,35.0,Andere Marken,1100.0,Wien,Uhr
1334443999,40.0,Fossil,,,Fossil Damen Armbanduhr Lederarmband Edelstahl mit Box/ Zubehör
1265457038,70.0,Andere Marken,4070.0,Oberösterreich,Stahlberg Herrenuhr
1096940319,150.0,Police,1050.0,Wien,Police Uhr
867065802,200.0,Citizen,1050.0,Wien,Citizen Eco-Drive
923030559,98.0,Armani,4060.0,Oberösterreich,Armbanduhr Armani
1787502030,89.0,Dolce & Gabbana,4580.0,Oberösterreich,Dolce & Gabbana Damenuhr
2144632150,27.0,Andere Marken,,,TCM Armbanduhr Damen Lederarmband Edelstahl Gehäuse
1106651838,45.0,Andere Marken,2230.0,Niederösterreich,Armbanduhr Pulsar Quarz
929561515,275.0,Longines,260.0,Dolny Kubin,Longines Charleston Triple Calendar Moonphase
1389435687,140.0,Casio,8530.0,Steiermark,Casio G-Shock GM-S5600 - Damenuhr
1910647495,40.0,Fossil,,,Fossil Armbanduhr Damen mit Box/ Zubehör Lederarmband
1269076781,399.0,Andere Marken,4061.0,Oberösterreich,Rado Dia Star Damenuhr
2132258368,36.0,Fossil,,,Fossil ES4383 Damen Armbanduhr Lederarmband mit Blumen
1492061965,67.0,Andere Marken,,,Dugena Edelstahl Damen Armbanduhr mit Perlmutt Ziffernblatt
928291984,17.0,Andere Marken,1120.0,Wien,Uhr Unisex Wiener Linien mit Box Neu !
1173375110,50.0,Andere Marken,1120.0,Wien,Wiener linien Herren Uhr Sammler Stück !
1006424995,340.0,Tissot,1100.0,Wien,Tissot PRX
1163860678,50.0,Police,6175.0,Tirol,"Police Navy Herrenuhr, neu, 11546J"
1824213385,15.0,Junghans,1140.0,Wien,"Junghans Damenuhr, vergoldet"
1570516741,125.0,Michael Kors,8350.0,Steiermark,Michael Kors
1206581355,150.0,Jacques Lemans,8062.0,Steiermark,Armbanduhr Konvolut
1210670852,90.0,Michael Kors,1220.0,Wien,Michael Kors Damen Uhr Gold mit Steinen
2116609698,360.0,Andere Marken,2325.0,Niederösterreich,Versace Medusa Uhr
1310034304,80.0,Michael Kors,1200.0,Wien,Michael Kors Uhr
1670218703,5.0,Casio,6330.0,Tirol,Uhr
1478429821,27.0,Fossil,3580.0,Niederösterreich,Fossil Armbanduhr
1059843927,99.0,Andere Marken,5600.0,Salzburg,Holzkern Uhr
1635303528,5.0,Andere Marken,1120.0,Wien,ZARA Herren-Armbanduhr in Smaragdgrün
1055262274,69.0,Seiko,8062.0,Steiermark,Armbanduhr Herren
1009667197,650.0,Andere Marken,1220.0,Wien,"Sector Diving Team 1000 ""No Limits"" Titan"
1708945278,99.0,Police,5600.0,Salzburg,Police Uhr
2116116351,13780.0,Rolex,4020.0,Oberösterreich,Rolex Datejust 41 Grün 126334 Baujahr 2024
2056555823,70.0,Junghans,1020.0,Wien,Vintage Junghans - Handaufzug Klassische deutsche Uhrmacherkunst
1005081246,25.0,Swatch,1090.0,Wien,SWATCH Irony schwarz Lederband 1990er
860328900,35.0,Swatch,1100.0,Wien,Swatch Uhr
2134429364,240.0,Andere Marken,1100.0,Wien,Swiss Alpine Militar GMT Herrenuhr
1114024297,180.0,Andere Marken,1020.0,Wien,Milus 1165 Vintage - Mechanische Handaufzugsuhr
1828127392,135.0,Thomas Sabo,9560.0,Kärnten,Thomas Sabo Uhr
1629141695,6.0,Andere Marken,2700.0,Niederösterreich,"Armbanduhr ""Golf"""
2055533203,200.0,Andere Marken,1140.0,Wien,Sternglas Edition Herren Uhr
1173722330,39.0,Citizen,8062.0,Steiermark,Armbanduhr Damen
913269588,4200.0,Andere Marken,4580.0,Oberösterreich,Neue Armbanduhr Sinn T2 (EZM 15)
1644840735,270.0,Andere Marken,4061.0,Oberösterreich,Uhr
1845889865,550.0,Tissot,4060.0,Oberösterreich,Tissot Herrenuhr Le Locle Powermatic 80 - silber
1488833562,50.0,Omega,1160.0,Wien,Seltenes Omega Speedmaster Automatic Cal 1140 Handbuch
1905278203,1100.0,Raymond Weil,4030.0,Oberösterreich,Raymond Weil
1272874421,5.0,Andere Marken,2471.0,Niederösterreich,Armbanduhr
944951028,40.0,Andere Marken,1020.0,Wien,Vintage Deline - Mechanische Handaufzugsuhr für Sammler
1344401399,140.0,Michael Kors,1100.0,Wien,Michael Kors Smartwatch Damen Silber/ Gold
1838557711,159.0,Andere Marken,4303.0,Niederösterreich,Armbanduhr Jaguar J619
956218187,89.0,Festina,4303.0,Niederösterreich,Armbanduhr Festina
1755572108,145.0,Tommy Hilfiger,1130.0,Wien,"Herren Multifunktionsuhr ""SPORT"" Quarz Stahl, Tommy Hilfiger, NEU-Original"
1028209218,90.0,Andere Marken,1020.0,Wien,Vintage Pronto Spezial Superlux - schweizer mechanik mit 19 rubis
1369457746,650.0,Tissot,4060.0,Oberösterreich,Tissot Herrenuhr Le Locle Powermatic 80 - rose
1641490019,10.0,Fossil,9064.0,Kärnten,Fossil Uhr
836259221,100.0,Andere Marken,6850.0,Vorarlberg,Welder Armbanduhr Moody WRC313
1652026484,40.0,Swatch,8401.0,Steiermark,"Swatch Irony Chronograph ""Silver Class"" (YCS410GX)"
2019361964,50.0,Diesel,5071.0,Salzburg,Diesel Uhr
1546135568,49.0,Calvin Klein,8401.0,Steiermark,Calvin Klein Damen Uhr - Edelstahl / Swiss Made
1428236425,30.0,Andere Marken,8103.0,Steiermark,CHEIFEL Herrenarmbanduhr
1115952129,49.0,Swatch,1210.0,Wien,Swatch Earth Summit 92 Automatik Neu Original verpackt
1795987404,220.0,Andere Marken,1020.0,Wien,Vintage Bucherer 1028 Automatik
1488513159,400.0,Swatch,1140.0,Wien,! Nr. 51 von 1111 - Swatch Irony The Chrono Special (YOB402S) - Richard Permin limited Edition !
1629433475,30.0,Diesel,1140.0,Wien,Klassiker - Diesel Armbanduhr
1844166708,75.0,Andere Marken,5071.0,Salzburg,Bering Solar Blau
2063977666,450.0,Andere Marken,1140.0,Wien,Certina DS Podium Titan - Analog- und Digitalanzeige
1175951124,10.0,Fossil,4810.0,Oberösterreich,Fossil Armbanduhr
1679991958,70.0,Andere Marken,8010.0,Steiermark,Armbanduhr Kapten & Son
1364393815,60.0,Diesel,5310.0,Oberösterreich,DIESEL Digitaluhr
1018719374,290.0,Seiko,4030.0,Oberösterreich,Original SEIKO 5 Automatik Uhr NEU! Rechnung + Garantie alles dabei + OVP
1465163990,250.0,Tissot,1110.0,Wien,Tissot Uhr
913750490,65.0,s.Oliver,5020.0,Salzburg,UHR
2113652186,9.9,s.Oliver,6911.0,Vorarlberg,s'Oliver Armbanduhr (unisex) Silikon hellgelb neu!
2059468096,65.0,Andere Marken,4651.0,Oberösterreich,Armbanduhr
1493677406,750.0,Andere Marken,1010.0,Wien,Rado Uhr
1689417382,99.0,Diesel,1010.0,Wien,Diesel Herren Uhr
1558392983,13000.0,Rolex,6370.0,Tirol,Tausche Rolex Starbucks 2024 vs Rolex Batgirl
869130061,20.0,Andere Marken,1020.0,Wien,Trachten Uhr
1376913044,100.0,Andere Marken,4810.0,Oberösterreich,INVICTA DIVER am olivfarbenen Natoband
1998206885,2999.0,Breitling,6890.0,Vorarlberg,Breitling Chronographe Braun selten A13358 Uhr
796239550,76.0,Andere Marken,1230.0,Wien,Lotus Damen Uhr klassisch analog Stahlband silberfarbig
2033331638,50.0,Andere Marken,2230.0,Niederösterreich,Elegante Damenarmbanduhr von B&B Genève - Swiss Made - mit Originalbox & Papieren
1236195142,350.0,Andere Marken,1220.0,Wien,Zodiac Swiss Formula 200m - 36mm
1861642591,120.0,Fossil,4810.0,Oberösterreich,FOSSIL AUTOMATIK HERITAGE in SCHWARZ
934916081,15.0,Andere Marken,4722.0,Oberösterreich,Armbanduhr
1753590133,150.0,Fossil,4810.0,Oberösterreich,FOSSIL AUTOMATIK HERITAGE in BICOLOR
1255560387,28990.0,Andere Marken,6130.0,Tirol,AUDEMARS PIGUET ROYAL OAK OFFSHORE LADY ROSÉGOLD
1983721801,28990.0,Andere Marken,6130.0,Tirol,AUDEMARS PIGUET ROYAL OAK DAY-DATE MONDPHASE 36MM
888825591,4980.0,Breitling,1200.0,Wien,Breitling Super Ocean 46mm
1671595880,25.0,Andere Marken,4722.0,Oberösterreich,Armbanduhr
1348596361,5.0,Andere Marken,5020.0,Salzburg,Uhr
1917908393,42.0,Swatch,3123.0,Niederösterreich,Herren Armbanduhr Swatch Irony
1244687018,1.0,Andere Marken,1170.0,Wien,Damenuhren
1263278241,75.0,Junghans,5020.0,Salzburg,Junghans Mega Funkuhr mit Travelbox
1764875156,130.0,Seiko,4810.0,Oberösterreich,Seiko Chronograph in schwarz
1164299620,40.0,Guess,4072.0,Oberösterreich,Guess Uhr
1989197369,30.0,Guess,4072.0,Oberösterreich,Guess Uhr
1585896968,50.0,Maurice Lacroix,1230.0,Wien,Maurice Lacroix Eliros Date Unisex Armbanduhr
1013458742,349.0,Tissot,2833.0,Niederösterreich,Tissot Expert T-Touch Solar frisch vom Service
815351913,20.0,Andere Marken,1200.0,Wien,Herren Uhr Martyn
2099445904,180.0,Andere Marken,2320.0,Niederösterreich,"Vintage Pierpont Incabloc , Swiss Made, mit Originaletui und Garantieschein vom 6.2.1962"
2143450571,200.0,Swatch,2320.0,Niederösterreich,"Swatch Felly Fish GK100, 1985, sehr selten, gebraucht, Funktion 1A"
957488481,30.0,Swatch,8842.0,Steiermark,Swatch
1563744784,230.0,Tissot,4906.0,Oberösterreich,TISSOT 1853 PR 100 SWISS QUARTZ P660/760
1492143880,120.0,Casio,2463.0,Niederösterreich,Casio G-Shock GW-3500BD-1AER
1330235986,140.0,Andere Marken,1110.0,Wien,LIP Uhr Boussole mit Kompass
1499605789,7790.0,Omega,,Prag,Omega Seamaster Planet Ocean 600M GMT Deep Black
1693643898,9250.0,Zenith,,Prag,Zenith Defy El Primero 21 Titan Automatik 44mm
1841117110,3750.0,Andere Marken,,Prag,Corum Admiral's Cup Challenger Chronograph 44mm
1469037660,4450.0,TAG Heuer,,Prag,TAG Heuer Monza Chronograph '40th Anniversary' Limitiert Edt. PVD Titan 42mm
916679904,40900.0,Andere Marken,,Prag,Audemars Piguet Royal Oak Offshore Rubens Barrichello II Limitiert Edition 1000
1843281375,120.0,Jacques Lemans,4880.0,Oberösterreich,Jacques Lemans Chronograph
1611950444,46.0,Andere Marken,5020.0,Salzburg,Armbanduhr Alpha
1255558862,15650.0,Hublot,,Prag,Hublot Big Bang UNICO Black Magic Ceramic 44mm
827285425,19450.0,Rolex,,Prag,Rolex Cosmograph Daytona 116523
1675359272,15250.0,Hublot,,Prag,Hublot F1 King Power Limited Edition 500 Stück 48mm
1208734635,150.0,Jacques Lemans,6345.0,Tirol,Jaques Lemans Partneruhren für Sie und Ihn
1633265234,4250.0,Breitling,4020.0,Oberösterreich,Breitling Old Navitimer | Neues original Lederband und Service
2088009579,299.0,Zenith,2700.0,Niederösterreich,Ziffernblatt + Uhrwerk der Marke Zenith Swiss Made
1098043854,799.0,Citizen,2700.0,Niederösterreich,Citizen Chronograph Automatic (Bullhead)
1000635653,599.0,Andere Marken,2700.0,Niederösterreich,Ziffernblatt + Uhrwerk der Marke PIAGET Swiss Made
1620778924,40.0,Fossil,7100.0,Burgenland,Fossil Uhren Damen 2 Stk.
1728613192,24500.0,Andere Marken,1040.0,Wien,Patek Philippe Nautilus 33mm Ref. 3900/1 | Blaues Dial | Stahl/Gold
1403483890,160.0,Boss,9500.0,Kärnten,Hugo Boss Herren Uhr
1500833490,59.0,Andere Marken,5211.0,Oberösterreich,Armbanduhr Akto mit neuer Batterie
2124573415,3720.0,Tudor,3361.0,Niederösterreich,Tudor Black Bay 68 - Silber
1284380281,150.0,Citizen,2431.0,Niederösterreich,Citizen Uhr
1979882703,150.0,Citizen,2431.0,Niederösterreich,Citizen Herren Uhr
1951475684,599.0,Andere Marken,6067.0,Tirol,Catena Automatic Diamond Swiss Made - Herrenuhr - NEU mit Box & Garantie
1725448744,65.0,Citizen,94081.0,Fürstenzell,Citizen BM8476-23ec Eco Drive Solar Uhr / Military Field Watch
2109943143,23000.0,Andere Marken,1040.0,Wien,Audemars Piguet Royal Oak |Ref: 25730ST | Weißes Dial
1482241195,120.0,Andere Marken,1120.0,Wien,Alte Armbanduhr Candino aus Schweiz!
1811330404,30.0,Andere Marken,7100.0,Burgenland,Armbanduhr mit Lederarmband
1983084746,65.0,Casio,94081.0,Fürstenzell,Casio Edifice EFR-S107D-1AV Quarz Uhr / Saphirglas/100m WR / OVP
1761641081,30.0,Andere Marken,7100.0,Burgenland,Bundesheer Armbanduhr
1600112239,735.0,Jacques Lemans,2500.0,Niederösterreich,Jacques Le Mans Chronograph JL BE 7750 Armbanduhr
2082321901,45.0,Casio,94081.0,Fürstenzell,Casio Edifice EFR-S107D Quarz Uhr / Saphirglas/100m WR / OVP
1797339999,2150.0,TAG Heuer,2500.0,Niederösterreich,Tag Heuer Luxus Armbanduhr Carrera Fullset optional 2 Original Armbändern
1740097219,250.0,Andere Marken,1020.0,Wien,Automatik Armbanduhren ab 250€
1533036459,200.0,Tommy Hilfiger,8112.0,Steiermark,goldfarbene Tommy Hilfiger Herrenuhr Modell DAMON 1791848
1543613031,35.0,Andere Marken,4030.0,Oberösterreich,"Boccia Damen Armbanduhr 2,5 cm Durchmesser"
2071382399,40.0,Andere Marken,7100.0,Burgenland,Bundesheer Uhr mit Lederband und Wechselkunststoffband
1202869641,5.0,Fila,5020.0,Salzburg,Fila Armbanduhr
1447637324,90.0,Jacques Lemans,3121.0,Niederösterreich,JACQUES LEMANS
1941071935,190.0,Swatch,1230.0,Wien,1997 Swatch
1092883143,140.0,Andere Marken,6890.0,Vorarlberg,ÖBB Sammleruhr
843561601,22500.0,Andere Marken,1040.0,Wien,Audemars Piguet Royal Oak |Ref: 14790ST | Military Dial
841218202,3490.0,Andere Marken,1230.0,Wien,Girard Perregaux Limitet Edition
1899057937,85.0,Andere Marken,3121.0,Niederösterreich,Automatik Uhr FLAIR
775339319,700.0,Seiko,3121.0,Niederösterreich,Seiko
1074873171,1850.0,Seiko,8740.0,Steiermark,Seiko Astron
845307957,550.0,Raymond Weil,2435.0,Niederösterreich,Raymond Weil Fidelio
974155704,139.0,Swarovski,1230.0,Wien,Swarovski Damenuhr
1233811438,44.9,Nixon,4840.0,Oberösterreich,"RARITÄT! - Nixon ""CTRL+ ALT+ DEL"""
2104311567,5350.0,Rolex,1040.0,Wien,Rolex Datejust 36 Top-Set Ref: 16014
1349462768,349.0,Raymond Weil,8313.0,Steiermark,Armbanduhren der marke Raymond Weil
1780201047,98.0,Andere Marken,4407.0,Oberösterreich,Pagani Design - Pepsi- Automatik Herrenuhr
1095410325,99.0,Andere Marken,2100.0,Niederösterreich,Liebeskind Analog Quarz
1227795341,75.5,Citizen,9020.0,Kärnten,Citizen Quartz Damenuhr
860136513,10.0,Andere Marken,8661.0,Steiermark,Uhr Werbe Uhr vom Egger Bier.
1901407058,20.0,Andere Marken,3701.0,Niederösterreich,M&M-Uhr 11800
815498720,950.0,Omega,9020.0,Kärnten,OMEGA CROSSHAIR AUFZUGUHR
899949543,4200.0,Tudor,4020.0,Oberösterreich,Tudor Black Bay Fifty-Eight Boutique Edition Bronze
848646339,145.5,Seiko,9020.0,Kärnten,Seiko Automatik Diver 7002-8040
1137885254,25.0,s.Oliver,4616.0,Oberösterreich,S. Oliver Armbanduhr
959458719,100.0,Thomas Sabo,2225.0,Niederösterreich,Thomas Sabo Damenarmbanduhr
1530119732,30.0,Jacques Lemans,4802.0,Oberösterreich,Jacques Lemans Uhr
1357213618,35.0,Adidas,4616.0,Oberösterreich,Adidas Armbanduhr
1070342378,35.0,Jacques Lemans,4616.0,Oberösterreich,J. L / Jacques Lemans Damenuhr
1505254856,120.0,Andere Marken,1020.0,Wien,Oriosa Day Date Ref. 36556 - Schweizer Vintage-Automatik
1676874826,15500.0,Rolex,1040.0,Wien,Rolex Daytona Full-Set Ref: 116523 UNPOLIERT
857187544,7700.0,Rolex,1040.0,Wien,Rolex Datejust 36 Full-Set Ref: 116234 Revisioniert
1114858936,5500.0,IWC,1040.0,Wien,IWC Ingenieur Full-Set Ref: 3521 (1995)
1767577664,20.0,Swatch,6020.0,Tirol,Swatch Irony Metallband
1749859389,750.0,Seiko,2011.0,Budakalasz,Seiko UFO Vintage automatik uhr
2013722869,40.0,Swatch,1110.0,Wien,swatch swiss uhr herren
913126018,90.0,Andere Marken,1230.0,Wien,Uhren-Reiseetui mit einer Uhr
1938823284,6200.0,Omega,2380.0,Niederösterreich,Omega Seamaster Planet Ocean
1511183447,29.0,Andere Marken,1100.0,Wien,Herren Armbanduhr
1580216470,70.0,Michael Kors,7111.0,Burgenland,Damenuhr
1005102753,105.0,Tommy Hilfiger,8605.0,Steiermark,Tommy Hilfiger Herren Uhr
2120025655,6250.0,Omega,2380.0,Niederösterreich,Omega Speedmaster Moonwatch
914416102,90.0,Andere Marken,8010.0,Steiermark,"KAPTEN & SON Silver ""Black Mesh"" Damen Armbanduhr"
1715082242,190.0,Thomas Sabo,1090.0,Wien,Thomas Sabo Herren-Uhr mit breitem Lederarmband
1921635494,130.0,Citizen,4061.0,Oberösterreich,Citizen Eco-Drive Herrenarmbanduhr - neu & ungetragen
1608033675,25.0,Andere Marken,1100.0,Wien,Herren Armbanduhr
1082519946,1100.0,Breitling,8530.0,Steiermark,Breitling
1849977173,20.0,Andere Marken,4492.0,Oberösterreich,Armbanduhr
1309832947,25.0,Andere Marken,1100.0,Wien,Armbanduhr
1954792030,10.0,Andere Marken,8605.0,Steiermark,Uhr
1118878905,15.0,Andere Marken,8605.0,Steiermark,Uhr
970980250,35.0,Calvin Klein,3500.0,Niederösterreich,Calvin Klein Uhr- inklusive Versand
901463350,25.0,Andere Marken,8605.0,Steiermark,Uhr
1280220729,30.0,Andere Marken,8605.0,Steiermark,Uhr
1684099753,20.0,Andere Marken,8605.0,Steiermark,Uhr
1955310350,8990.0,Rolex,8053.0,Steiermark,"ROLEX DATEJUST 36mm 18 KARAT GOLD/STAHL, DIAMANT ZIFFERBLATT, ROLEX PAPIERE AUS 1982 GEKAUFT BEI ROLEX DEUTSCHLAND SOGAR MIT ERSTKAUFRECHNUNG UND KOMPL. ZUBEHÖR, PERFEKTER ZUSTAND UND VOLLE 3 JAHRE GARANTIE VON UNSEREM HAUSE, GERNE TAUSCHEN WIR AUCH EIN"
1734645395,800.0,Seiko,1030.0,Wien,Seiko Prospex
2029995349,195.0,Jacques Lemans,8054.0,Steiermark,Jacques Lemans Uhr Kevin Costner Collection
936644558,35.0,Andere Marken,4020.0,Oberösterreich,Vintage Uhr Swiss Army
1939510312,790.0,Andere Marken,1020.0,Wien,Farer Discovery Red - 36mm Limited Edition Armbanduhr
1314242874,40.0,Michael Kors,1220.0,Wien,Michael Kors Blair Chronograph Damenuhr (MK5263)
1060114224,20.0,Ice watch,5201.0,Salzburg,Ice watch weiss inkl Karton
1728945264,125.0,Seiko,4030.0,Oberösterreich,Alte Seiko Quarz Armbanduhr
843767745,420.0,Andere Marken,1090.0,Wien,Herren-Taucheruhr Steinhart Ocean 39 BLACK Ceramic
1931228405,50.0,Omega,7532.0,Burgenland,Omega Reiseetui Rauleder Gold/ Rot Etui Uhrenetui
1829473877,19.0,Andere Marken,4272.0,Oberösterreich,Herrenarmbanduhr
1802215338,55.0,Andere Marken,7532.0,Burgenland,MVMT Uhr
880569154,10.0,Casio,1100.0,Wien,Casio Illuminator Armbanduhr LW-203 schwarz
1246805942,19.0,Andere Marken,4272.0,Oberösterreich,Digital Herrenarmbanduhr
1943799230,280.0,Andere Marken,2011.0,Budakalasz,"Schöne vintage KENNETH Cole automatik uhr ""skeleton style"""
2142913311,119.0,Jacques Lemans,4076.0,Oberösterreich,Jacques Lemans Herren Chronograph - Blau/ Rot Design - Neu und ungetragen
1580791160,275.0,Andere Marken,2011.0,Budakalasz,Roamer Medana Searock Automatik Uhr von der 70-er
1617945667,20.0,Andere Marken,1100.0,Wien,Uhr
1071268207,60.0,Andere Marken,1020.0,Wien,Breil Chronograph top
1470759329,120.0,Andere Marken,4600.0,Oberösterreich,Royal London Armbanduhr
1675540299,170.0,Andere Marken,2011.0,Budakalasz,Schöne vintage CYRRUS automatik uhr in neuwertige zustand
1784609494,140.0,Andere Marken,2011.0,Budakalasz,Panquartz USA - Vintage unisex LED Armband Uhr - 140 Eur
1560211759,690.0,Andere Marken,1090.0,Wien,"Antike, sehr seltene Damenuhr, Einzelanfertigung"
1027589623,150.0,Michael Kors,1100.0,Wien,Michael Kors Uhr
1839840329,50.0,Dolce & Gabbana,8054.0,Steiermark,Uhr D&G
831367364,1.0,Andere Marken,2630.0,Niederösterreich,Girard Perregaux Vintage 1945
1411155706,100.0,Tissot,5020.0,Salzburg,Armbanduhr Tissot
1887258597,80.0,Jacques Lemans,5020.0,Salzburg,Jacques Lemans Herrenuhr - Chronograph - Edelstahlarmband
1379188513,80.0,Diesel,5020.0,Salzburg,Diesel Mr Daddy 2.0 DZ7350
1090379246,70.0,Guess,9500.0,Kärnten,Guess Uhr
1523826320,50.0,Daniel Wellington,5020.0,Salzburg,Daniel wellington
1234022130,100.0,Casio,4484.0,Oberösterreich,Verkaufe 4 Casio G-shock inklusive box.
891203435,120.0,Festina,1210.0,Wien,Festina Armbanduhr neuwertig
1090454787,88.0,Andere Marken,4770.0,Oberösterreich,Schöne neue Herren-Sportuhr automatic Chronograph
2109700779,190.0,Andere Marken,1010.0,Wien,Candino Automatic
1869559276,50.0,Andere Marken,1220.0,Wien,MEGIR Armbanduhr Herren Uhren Luxus mit Militär Schwarz Silikonarmband Groß Weiß Chronograph Kalender Wasserdicht XL
1961108630,3.0,Andere Marken,3595.0,Niederösterreich,Armbanduhr
1964946943,110.0,Andere Marken,1220.0,Wien,Coach Damenuhr (Watch). Wie Neu. Rare edition.
833018229,140.0,Andere Marken,2011.0,Budakalasz,Vintage digitale armband uhr in gute zustand
1380170548,100.0,Andere Marken,1220.0,Wien,Louis delon Automatik Uhr
794996073,130.0,Andere Marken,5020.0,Salzburg,Die Uhr NAUTICA
858212047,129.0,Guess,1220.0,Wien,"GUESS Herrenarmbanduhr SILBER/ BLAU- Neu, Original, 2 Jahre Garantie + Zertifikat"
1541969612,290.0,Swatch,2463.0,Niederösterreich,Swatch
2087199183,290.0,Swatch,2463.0,Niederösterreich,Swatch
1269980133,2950.0,Porsche,2463.0,Niederösterreich,Porsche Design Dashboard P6612 Edition 3 - Limited Edition
1417802229,129.0,Tommy Hilfiger,1220.0,Wien,"Tommy Hilfiger Bicolor (Neu, original & 2 Jahren Händlergarantie)"
1964544519,10.0,Andere Marken,9900.0,Tirol,Paul Hewitt Armbandduhr
1114236975,75.0,Andere Marken,2011.0,Budakalasz,CASIO Style digitale armband uhr
1715495803,185.0,Andere Marken,2011.0,Budakalasz,Schöne ATLANTIC mechanishe vintage uhr in neuwertige zustand
1333328539,50.0,Andere Marken,2011.0,Budakalasz,"NaviForce ""anadigi"" armband uhr in schöne zustand"
1413144875,75.0,Casio,2011.0,Budakalasz,CASIO Calculator digitale armband uhr
1913508569,55.0,Andere Marken,2011.0,Budakalasz,CASIO Style digitale armband uhr
1320561316,100.0,Jacques Lemans,3140.0,Niederösterreich,Jacques Lemans Herrenuhr
1210441522,400.0,Andere Marken,4675.0,Oberösterreich,Mercury DODEGONE Moonphase Automatikuhr
785621922,395.0,Andere Marken,4675.0,Oberösterreich,Royce Chronograph Mondphase Handaufzug Vintage
804891912,1650.0,Andere Marken,4675.0,Oberösterreich,Eberhard & Co Les Quantiemes 925 Silber Automatik
789097167,3.0,Andere Marken,1220.0,Wien,Uhr Kork Optik
1499368411,8200.0,Cartier,1050.0,Wien,NEUE Cartier Panthere Bicolor Small - 1350€ günstiger
1803919948,8350.0,Cartier,3033.0,Niederösterreich,Cartier Santos Black ADLC Steel
1627304744,300.0,Swatch,8010.0,Steiermark,Mission to Saturn Swatch
1897374764,500.0,Andere Marken,1120.0,Wien,Uhren
1314312455,23.0,Andere Marken,6170.0,Tirol,"Axcent Damenarmbanduhr, kaum getragen"
1892531976,15.0,Andere Marken,1220.0,Wien,Uhren
1837442314,32900.0,Andere Marken,1010.0,Wien,Audemars Piguet Royal Oak Chronograph 26315ST Rutheniumgrau 2022 NEUWERTIG
977430589,450.0,Maurice Lacroix,1210.0,Wien,Certina DS Sport Chrono Precidrive
1958603820,9.9,Andere Marken,1100.0,Wien,Armbanduhr
2144771244,135.0,Casio,3353.0,Niederösterreich,"Casio, Triple Sensor"
1256774567,13.0,Swatch,5310.0,Oberösterreich,Swatch Stockholm 1912 Atlanta 1996
2033777576,400.0,Longines,1160.0,Wien,Longines Conquest
865743950,25.0,Swatch,1070.0,Wien,Swatch Gent Color The Sky
1062470442,79.0,Andere Marken,3100.0,Niederösterreich,Felgenuhr
879259594,50.0,Fossil,1190.0,Wien,Fossil Damenuhr Ungetragen NEU NEU NEU
1260423085,20.0,Andere Marken,1020.0,Wien,Lederband und Batterie ist NEU Uhr funktioniert 1A
1832268741,6.0,Esprit,8081.0,Steiermark,Esprit + S. Oliver Armbanduhren
1968616110,199.0,Diesel,1190.0,Wien,Diesel Keramik Armbanduhr Ungetragen NEU NEU NEU
871399057,60.0,Fossil,1190.0,Wien,Fossil Keramik Damenuhr Ungetragen NEU NEU NEU
2102159579,45.0,Swatch,1070.0,Wien,Swatch Chrono Gold Medal
1275751465,2.0,Andere Marken,8081.0,Steiermark,Armbanduhr
1558671256,105.0,Fossil,1190.0,Wien,Fossil Keramik Damenuhr Ungetragen NEU
1944946204,15.0,Andere Marken,1140.0,Wien,Armbanduhr
1393892968,30.0,Swatch,1070.0,Wien,Swatch Scuba 200 Nuovo Golden Island
1900544265,15.0,Swatch,1200.0,Wien,Swatch Armbanduhr
1945869410,3200.0,Breitling,6020.0,Tirol,Breitling Premier Chronograph Stahl Auto Herren Armbanduhr A13315351B1A1
1816836611,105.0,Festina,8775.0,Steiermark,Festina MOS80 Chronograph Nr 16177
1445672048,20.0,Andere Marken,8443.0,Steiermark,Neue Uhr mit Rechnung
1044242948,35.0,Swatch,1070.0,Wien,Swatch Skin Irony SKINAZUL
871918791,20.0,Andere Marken,1220.0,Wien,Herren Funk Armbanduhr mit Datum
1940436568,13.0,Andere Marken,1220.0,Wien,funktionierende Armbanduhr inkl. Batterie
1994253607,35.0,Andere Marken,8113.0,Steiermark,Shell Uhr
1259517151,10.0,Andere Marken,2820.0,Niederösterreich,Kenzo Uhr
1043868912,10.0,Andere Marken,2820.0,Niederösterreich,Kenzo Tiger Head Uhr
1035802221,20.0,Swatch,1220.0,Wien,Armbanduhren zu je 20 Euro
1599951756,15.0,Andere Marken,1220.0,Wien,ungetragene Damenuhr + 2 neue Armbänder
1082785939,40.0,Jacques Lemans,1220.0,Wien,Herren Armbanduhr Jacques Lemans
2094119372,30.0,Andere Marken,1220.0,Wien,Damen Uhr wie neu
1684384684,25.0,Swatch,1220.0,Wien,Swatch Chronograph mit Datum
1075744471,19.0,Andere Marken,1220.0,Wien,Armbanduhr Quarz Auva - funktioniert
1603133945,12.0,Andere Marken,1220.0,Wien,modische Quarz Armbanduhr - funktioniert
1307703083,10.0,Swatch,1220.0,Wien,Swatch Armbanduhr mit Batterie
1881916240,10.0,Andere Marken,1220.0,Wien,funktionierende Armbanduhr inkl. Batterie
907665139,10.0,Andere Marken,1220.0,Wien,funktionierende Armbanduhr inklusive Batterie
928020843,25.0,Andere Marken,3430.0,Niederösterreich,Uhr
1890475429,25.0,Andere Marken,3200.0,Niederösterreich,Holzkern Uhr
930420958,450.0,Seiko,1120.0,Wien,"Seiko Presage Cocktail Time SRPE41J1 ""Negroni"""
1843159345,100.0,Andere Marken,9535.0,Kärnten,Pagani PD- 1752
1841955923,5.0,Andere Marken,2734.0,Niederösterreich,Biete Armbanduhr mit Eulen an
991862666,29.0,Andere Marken,2734.0,Niederösterreich,Biete sehr schöne Armbanduhr
851933258,10.0,Swatch,1020.0,Wien,Uhr Swatch Swiss
1005378193,100.0,Guess,1160.0,Wien,Damen Guess Uhr
1446080628,188.0,Andere Marken,9020.0,Kärnten,VOSTOK Herrenuhr
1284393684,88.0,Armani,9020.0,Kärnten,ARMANI Herrenuhr
1954196774,200.0,Diesel,4600.0,Oberösterreich,DIESEL UHR
1824338386,2250.0,Breitling,5020.0,Salzburg,Breitling Chronomat Colt A17388
1025102407,220.0,Armani,2103.0,Niederösterreich,Emporio Armani Chronograph Uhr
800322431,119.99,Andere Marken,1200.0,Wien,Breil Hyper Solo Tempo Lady Quartzuhr TW 1953
1098964146,45.0,Jacques Lemans,3200.0,Niederösterreich,Jaques Lemans Uhr 1-1282
1651196367,199.99,Tissot,1200.0,Wien,"Tissot Tradition 5,5 Herren Quarzuhr"
1761986102,349.99,Andere Marken,1200.0,Wien,D1 Milano Skeleton Automatik Herrenuhr
1869992674,99.99,Armani,1200.0,Wien,Emporio Armani AR 11121 Herrenuhr Quarz
1277072305,119.99,Andere Marken,1200.0,Wien,Swissair Transatlantique 1947 Quarzuhr
817747630,99.99,Andere Marken,1200.0,Wien,Edox Herrenuhr Automatik
1717896011,139.99,Andere Marken,1200.0,Wien,Mido Bodyguard 5120 Armbanduhr Quartz
1228463836,129.99,Andere Marken,1200.0,Wien,Foresta Automatik Herren Uhr
1580860253,1.0,Michael Kors,1170.0,Wien,SucheVerlängerungsteil für das Armband meiner Michael Kors- 5882 Uhr.
1994028432,15.0,Ice watch,4656.0,Oberösterreich,NEUE Ice Watch- FMIF SUMMER BLUE BOO - Unisex
1039075283,3.0,Andere Marken,5771.0,Salzburg,"Handuhr Damen oder Kinderuhr, Sternennacht NEU"
796636632,550.0,Omega,1230.0,Wien,Refurbished-Renoviert Omega Automatic Seamaster Pre DeVille
943574751,7499.0,Andere Marken,1210.0,Wien,GOLDUHR Herren + 585 GOLD - 23 Kamha Massiv GOLD
1159832358,65.0,Festina,2013.0,Niederösterreich,Festina Damenarmbanduhr
844131840,39.0,Swatch,6414.0,Tirol,Uhr - SWATCH - Armbanduhr - Olympia 2004 Athen
1203640472,250.0,Michael Kors,1210.0,Wien,MICHAEL KORS Uhr Darci Silber Pave NEU
1721848449,30.0,Michael Kors,5020.0,Salzburg,Armbanduhr Michael Kord
1892794877,90.0,Fossil,1120.0,Wien,Ich verkaufe eine originale Herren Armbanduhr von Fossil Batterie gehört nur getauscht sonnst in top Zustand
808845210,50.0,Andere Marken,4600.0,Oberösterreich,Fashion Luxury Women Gold Watch Bracelet Necklace 6Pcs Set Ladies Diamond Quartz
1060290318,180.0,Michael Kors,1010.0,Wien,Michael Kors Uhr Full Set
996450988,9.0,Andere Marken,4400.0,Oberösterreich,Uhr
1888629948,15.0,Citizen,1080.0,Wien,Damenuhr Citzen
858165116,500.0,Andere Marken,4651.0,Oberösterreich,Rado Centrix Herrenuhr Quarz
840421960,11799.0,Rolex,4040.0,Oberösterreich,Submariner Stahl/ Gold
803915703,50.0,s.Oliver,1220.0,Wien,s. Oliver Uhr
822261634,180.0,Tissot,8670.0,Steiermark,Tissot PR 100 Uhr schwarz gold
1506516075,30.0,Fossil,9020.0,Kärnten,Fossil Damen Uhr
1393330058,150.0,Raymond Weil,1120.0,Wien,"RAYMOND WEIL Damenuhr, vergoldet, voll Ok"
1162340153,1800.0,Maurice Lacroix,7111.0,Burgenland,Maurice Lacroix Pontos Herrenchronograph Automatik PT6388-SS001-220-2
1449189952,175.0,Swatch,1210.0,Wien,Vintage Swatch aus den 90ern
1736028364,40.0,Fossil,4072.0,Oberösterreich,Fossil Herrenarmbanduhr
2128909498,16.0,Andere Marken,1220.0,Wien,Castell uhr swiss Made Vintage Quarz chrono keine seamaster keine Tissot ! keine oyster kein chrono !
804811821,480.0,Andere Marken,1180.0,Wien,Automatik Uhr Speedmaster Fullset
1530431963,250.0,Andere Marken,1070.0,Wien,Filippo Loreti Ascari Grand Prix GP Limited Edition
1119779107,2100.0,Tissot,8045.0,Steiermark,Tissot Heritage 1973 - Chronograph weiß
1400932991,9800.0,Andere Marken,8045.0,Steiermark,Girard Perregaux Laureato
1062490428,9800.0,Andere Marken,8045.0,Steiermark,Girard Perregaux Laureato - weißes Ziffernblatt
1260277286,10.0,Andere Marken,9020.0,Kärnten,Uhr
871179258,10.0,Esprit,9020.0,Kärnten,Uhr Esprit
809815893,11500.0,Andere Marken,8045.0,Steiermark,Blancpain Fifty Fathoms Bathyscape
1013074719,8000.0,Zenith,8045.0,Steiermark,Zenith Defy - weiß
1810620602,2200.0,Raymond Weil,1110.0,Wien,Raymond Weil Freelancer
1782508179,120.0,Jacques Lemans,2521.0,Niederösterreich,Uhrenset
1828119811,15.0,Andere Marken,3354.0,Niederösterreich,LAKS Uhr mit Festplatte
912570682,3190.0,Tudor,1010.0,Wien,Tudor Pelagos Fxd schwarz 2023 Full set box and papers
1402349683,35.0,Andere Marken,2700.0,Niederösterreich,Damenuhr/ Lotus
1815627452,60.0,Tommy Hilfiger,1140.0,Wien,Tommy hilfiger Herren Uhr
789238985,5.0,Andere Marken,2700.0,Niederösterreich,Damen Armbanduhr/ Laura Ashley
1112241576,20.0,Guess,5061.0,Salzburg,Guess Armbanduhr
1267576948,320.0,Andere Marken,1230.0,Wien,Bruno & Söhne Armbanduhr
1467816504,20.0,Andere Marken,1220.0,Wien,Herrenuhr
944690377,15.0,Andere Marken,1220.0,Wien,Damenuhr
1220143774,25.0,Andere Marken,1220.0,Wien,Herrenuhr
1278114571,10.0,Andere Marken,1220.0,Wien,Uhr
802694097,20.0,Andere Marken,1220.0,Wien,Damenuhr
1875774178,20.0,Andere Marken,1220.0,Wien,Damenuhr
873398135,20.0,Swatch,1220.0,Wien,Herrenuhr
775041937,15.0,Andere Marken,1220.0,Wien,Uhr
1366633378,5.0,Swatch,1100.0,Wien,Swatch Uhren bänder
1210097545,20.0,Andere Marken,1220.0,Wien,Damenuhr
1275763303,10.0,Fossil,1170.0,Wien,Fossil Uhr
1181300085,2150.0,Rolex,2821.0,Niederösterreich,Rolex Lünette Brillant Day Date
2113062657,400.0,Swarovski,5640.0,Salzburg,"Swarovski ""D: Light"""
966283825,14990.0,Rolex,8053.0,Steiermark,"ROLEX GMT-MASTER II ""BATMAN"" WIE NEU! WURDE VOM VORBESITZER ALS WERTANLAGE GEKAUFT UND FAST NIE GETRAGEN! KOMPLETT-SET MIT ROLEX PAPIERE AUS 2017, ROLEX SIEGEL, BOOKLET UND ROLEX BOX, VOLLE 3 JAHRE GARANTIE VON UNSEREM HAUSE, GERNE TAUSCHEN WIR AUCH EIN"
1591000025,50.0,Seiko,8243.0,Steiermark,Seiko 7N43 8A39 Railroad Approved
1737572769,25.0,Swatch,8750.0,Steiermark,"Swatch ""Irony"""
1596774681,25.0,Andere Marken,4303.0,Niederösterreich,Armbanduhr
1771537327,10.0,Fila,8424.0,Steiermark,Fila Armbanduhr
776141424,35.0,Andere Marken,8424.0,Steiermark,Laimer Holzuhr
1370676922,12500.0,Hublot,4840.0,Oberösterreich,Hublot Classic Fusion Gold - 42 mm - Automatik - inkl. Box
1168882297,3999.0,Hublot,4840.0,Oberösterreich,Hublot Classic Fusion Titanium Racing Grey - 42 mm Automatik
1056215797,8.0,Andere Marken,8181.0,Steiermark,Notenschlüssel uhr
1845986149,8.0,Andere Marken,8181.0,Steiermark,Neue Armbanduhr
1046758818,249.0,Glashütte,2100.0,Niederösterreich,Glashütte GUB Vintage Uhr
1805450184,145.0,Diesel,8020.0,Steiermark,Armbanduhr Diesel
1772100767,980.0,Seiko,2345.0,Niederösterreich,Seiko Prospex Flightmaster
1056475981,15.0,Swatch,3325.0,Niederösterreich,Swatch Uhr - Sammlerstück - gebraucht
1704093585,15.0,Andere Marken,1220.0,Wien,Damen Uhr
1178946652,29.0,Maurice Lacroix,2340.0,Niederösterreich,Damen Uhr MAURICE LACROIX
2113569268,87.0,Andere Marken,2452.0,Niederösterreich,Liebeskind Damen Uhr schwarz NEU
1140128555,1399.0,Cartier,2100.0,Niederösterreich,Cartier Cougar Quartz
1250737785,40.0,Tommy Hilfiger,3002.0,Niederösterreich,Tommy Hilfiger Damen Uhr
1135898158,425.0,Maurice Lacroix,2391.0,Niederösterreich,Maurice Lacroix - Eliros Uhr
1262369407,40.0,Andere Marken,1220.0,Wien,Herrenuhr Sixties
805538321,219.0,Gucci,2100.0,Niederösterreich,Gucci Vintage Uhr
910264651,2500.0,Omega,8322.0,Steiermark,Omega Speedmaster
1109920956,50.0,Citizen,1220.0,Wien,Herrenuhr Citizen
2017657459,185.0,Swatch,8773.0,Steiermark,Pop Swatch Putti Vivienne Westwood Sammleruhr UNGETRAGEN
1997764438,50.0,Boss,1220.0,Wien,Herrenuhr Hugo Boss
1988041134,65.0,Andere Marken,8970.0,Steiermark,Armitron Uhr
893828450,460.0,Omega,9020.0,Kärnten,"OMEGA GENEVE, Vintage, SELTENE REFERENZ (131.0019)"
1660999598,2400.0,Jaeger-LeCoultre,4061.0,Oberösterreich,LeCoultre Memovox 10k
1430145046,40.0,Andere Marken,6671.0,Tirol,Alpha Classic
1999175047,50.0,Andere Marken,1220.0,Wien,Herrenuhr Ingersoll Automatik
1249358245,105.0,Swatch,3710.0,Niederösterreich,Swatch Irony Big (YGS7000) SPACE RIDER
2013826974,167.0,Andere Marken,2486.0,Niederösterreich,Orient EQ Quartz
1326703257,5500.0,Rolex,2500.0,Niederösterreich,"Rolex Explorer 36 Ref.14270 + Ankauf, Verkauf, Belehnung"
1367704230,125.0,Swatch,3710.0,Niederösterreich,Swatch Irony Big (YGS7007AG) TAKE HOLD
1082395482,100.0,Swatch,3710.0,Niederösterreich,Swatch Skin (SFN101) AMARILLO
1931575805,90.0,Boss,1230.0,Wien,Boss Orange uhr chrome edition
825301743,139.0,Longines,6230.0,Tirol,Armbanduhr
1285121190,25.0,Andere Marken,4973.0,Oberösterreich,Geneva Quartz Uhr Armbanduhr silberfarben
1082531097,685.0,Andere Marken,1150.0,Wien,EBEL UHR CLASSIC WAVE 40mm EDELSTAHL ARMBANDUHR HERRENUHR
1677245633,43.0,Andere Marken,2486.0,Niederösterreich,Tourist 17 Rubis Incabloc
1464073801,9250.0,Jaeger-LeCoultre,2500.0,Niederösterreich,"Jaeger LeCoultre Geophysic Universal Time Jumping Second + Ankauf, Verkauf, Belehnung"
1596834939,25.0,Andere Marken,4973.0,Oberösterreich,Geneva Quartz Uhr Armbanduhr goldfarben / silberfarben
1085662496,150.0,Seiko,4063.0,Oberösterreich,Seiko Armbanduhr
838946814,25.0,Andere Marken,4973.0,Oberösterreich,Geneva Quartz Uhr Armbanduhr
1009190428,100.0,Boss,1210.0,Wien,Hugo Boss Uhr Neuwertig
965114753,80.0,Andere Marken,1150.0,Wien,BRAUN Model BN0221BKBKG ALL BLACK mit BOX HERRENUHR ARMBANDUHR UHR
1916884637,20.0,Andere Marken,4063.0,Oberösterreich,Quartz Water Resistent Uhr
1324385310,70.0,Guess,1150.0,Wien,GUESS 41 mm QUARZ DESIGN ALPINE EAGLE BLAU STAHL STAHLBAND MIT BOX ARMBANDUHR UHR HERREN UHR
1000203228,19400.0,IWC,2500.0,Niederösterreich,"IWC Fliegeruhr Große Fliegeruhr Top Gun Big Pilot Perpetual Calendar + Ankauf, Verkauf, Belehnung"
2139691740,49.0,Adidas,1220.0,Wien,ADIDAS HERREN UHR mit Lederband
1514063240,15.0,Adidas,1220.0,Wien,ADIDAS Herren Sportuhr ohne Armband
2139150635,1100.0,Omega,1010.0,Wien,Eterna Matic Centenaire Chronometer Automatik Herrenuhr
1766323553,99.5,Seiko,1230.0,Wien,Seiko Quarz Chronograph
2010360699,19.0,Adidas,1220.0,Wien,ADIDAS Herren Sportuhr (voll funktionstüchtig) ohne Armband
1821497966,25.0,Swatch,1220.0,Wien,Original Swatch Uhr Valentine Special
1280565952,1100.0,Raymond Weil,1160.0,Wien,Raymond Weil Parsifal Stahl
1327332278,4500.0,Cartier,2500.0,Niederösterreich,"Cartier Santos Galbée Ref.2319 + Ankauf, Verkauf, Belehnung"
891119355,115.0,Swatch,1160.0,Wien,"NEU: original Swatch, blau, SUOL700, ungetragen"
1391351165,45.0,Fossil,4540.0,Oberösterreich,Fossil-Damen-Armbanduhr
1218239637,35.0,Michael Kors,1110.0,Wien,Michael Kors Uhr
1100314000,120.0,Andere Marken,8280.0,Steiermark,Laimer Holzarmband Uhr UNBENUTZT
1600498696,5899.0,Rolex,4020.0,Oberösterreich,Rolex Datejust 36 stahlgold jubilee graues Zifferblatt 16203
1182623398,12799.0,Rolex,4020.0,Oberösterreich,Rolex GMT-Master II Tiger Auge serviciert top Zustand B+P 16713
791064641,12900.0,Andere Marken,2500.0,Niederösterreich,"Chopard Your Happy 18K Ref.445-1 + Ankauf, Verkauf, Belehnung"
895704986,8499.0,Rolex,4020.0,Oberösterreich,Rolex Sea-Dweller Deepsea Full Set 116660
1310835456,499.0,Andere Marken,4020.0,Oberösterreich,Frederique constant 1338681 38 mm automatic Box und Papiere
1497120943,1900.0,Omega,5020.0,Salzburg,Omega De Ville Prestige
1100181442,19.0,Andere Marken,4600.0,Oberösterreich,Klassische Herrenarmbanduhr - Edelstahl - zeitlos & elegant
1995206071,5.0,Andere Marken,8380.0,Burgenland,Armbanduhren
1063903581,3200.0,Glashütte,5020.0,Salzburg,Glashütte Original Pavonina
1635709360,13.0,Andere Marken,6230.0,Tirol,Armbanduhr
2111548780,20.0,Andere Marken,2560.0,Niederösterreich,Diverse Modeuhren
1052347482,4100.0,Omega,5020.0,Salzburg,Omega Seamaster Planet Ocean
1167355674,10.0,Andere Marken,2000.0,Niederösterreich,"6 Herren-Armbanduhren zusammen um nur € 10,00 (brauchen neue Batterie, etc., 1 Uhr ist nicht abgebildet)"
1782434056,30.0,Fossil,2322.0,Niederösterreich,Fossil Damenuhr
1281086329,40.0,Andere Marken,2136.0,Niederösterreich,Holzuhr Laimer
2083108889,55.0,Andere Marken,3100.0,Niederösterreich,"Geneve sehr schöne goldfarbige Damenuhr, viele Fotos, neuwertig, nicht getragen, Rarität"
875855428,4.0,Andere Marken,2000.0,Niederösterreich,"Unverwendete Swiss Watch Quartz 30 m wasserdicht, Quartzgenau, Stoßsicher (mit dezenter Werbeaufschrift)"
1751834160,100.0,Andere Marken,1160.0,Wien,Uhr Armband Halskette
1683191949,75.0,Tommy Hilfiger,5020.0,Salzburg,Tommy Hilfiger Uhr
1695211723,1999.0,Andere Marken,1070.0,Wien,Anonimo Militare Opera Meccana Modello 2007
1417052032,10499.0,Hublot,1070.0,Wien,Hublot Classic Fusion - - Unisex - Titanium - Full Set - Neuwertig
1731822201,5999.0,Rolex,1070.0,Wien,Rolex Datejust | Steel and Gold with Slate Grey Dial | Ref. 16233
872922443,350.0,Andere Marken,1120.0,Wien,"Awesome ""Vestal"" 'Monte Carlo' Vintage Watch"
1016602327,1399.0,Andere Marken,1070.0,Wien,Rado DiaMaster RHW1 XXL Handwind schwarz Herrenuhr Limited Edition | N 964/2000 | Ref. 01.510.0586.3.115
1144386080,50.0,Andere Marken,2491.0,Burgenland,ARTE Magazin / Uhr (20 Jahre Jubiläum)
812187234,1350.0,Andere Marken,3495.0,Niederösterreich,Rado DiaStar Ceramica Multifunction 1993
864965314,170.0,Raymond Weil,2322.0,Niederösterreich,Vintage Raymond Weil Damenuhr 18 Karat vergoldet
1388216160,110.0,Andere Marken,3500.0,Niederösterreich,Timex Expedition North Chronograph tw2v96300
1608591109,150.0,Diesel,1030.0,Wien,Diesel Armbanduhr
1906709317,14900.0,Rolex,5020.0,Salzburg,Rolex GMT-Master II
1002418565,9300.0,Glashütte,5020.0,Salzburg,Glashütte Original SeaQ Panoramadate
1073465566,25.0,Swatch,1140.0,Wien,Swatch Uhren aus den 90er Jahren - Preis pro Uhr
1493761724,3690.0,Porsche,3300.0,Niederösterreich,Porsche Design P'6780 Diver Watch NEU ungetragen
1093714652,50.0,Fossil,3451.0,Niederösterreich,Fossil Herrenuhr
1528598986,40.0,Andere Marken,4040.0,Oberösterreich,Uhr Edelstahl Zirkonia
2096003650,29.0,Andere Marken,4690.0,Oberösterreich,Retro Armbanduhr Dugena Amara
1370864526,170.0,Andere Marken,4690.0,Oberösterreich,Vintage Armbanduhr ARSA Rubis
1663196623,54.0,Raymond Weil,4690.0,Oberösterreich,Damenuhr Raymond Weil Geneve
2088188852,90.0,Junghans,4690.0,Oberösterreich,Damenuhr JUNGHANS
1488400742,40.0,Police,4020.0,Oberösterreich,Police uhr ungetragen Neu mit Lederband
1243317569,50.0,Andere Marken,4020.0,Oberösterreich,Uhr gooix ungetragen Neu
1492523511,40.0,Breitling,8076.0,Steiermark,Antik Nivada DamenUhr Gold 20 k
1397395845,1490.0,Maurice Lacroix,5400.0,Salzburg,"Neue Maurice Lacroix goldplattiert, Tausch möglich"
1826773486,270.0,Andere Marken,5400.0,Salzburg,Certina DS Podium
939197052,85.0,Swatch,3151.0,Niederösterreich,RARITÄT-Swatch SWISS AG 1996 ungebraucht Sammlerstück NEU
1517376745,2.0,Andere Marken,1200.0,Wien,Armbanduhr
1906140816,85.0,Andere Marken,2451.0,Niederösterreich,Roamer Damenuhr vergoldet vintage 70er
992253306,5820.0,Rolex,1010.0,Wien,Rolex Datejust Ref. 1601
852290526,20.0,Andere Marken,2136.0,Niederösterreich,Holzuhr Madison gebraucht
2125580275,30.0,Citizen,1220.0,Wien,Citizen
1703761736,5.0,Andere Marken,1200.0,Wien,Armbanduhr
1951152940,160.0,Rolex,8073.0,Steiermark,"Rolex Zifferblatt, 2,5 cm Durchmesser"
900156928,15.0,Swatch,1070.0,Wien,Swatch Lady Something New
1268806329,15.0,Andere Marken,1010.0,Wien,"Leder Uhrband, schwarz, 16 mm"
1365041768,250.0,Andere Marken,3100.0,Niederösterreich,Zeppelin Herrenuhr Armbanduhr Automatik LZ129 Hindenburg mit schwarzem Lederband 8062-2
1295461972,70.0,Andere Marken,6341.0,Tirol,Nick van Hill
1619763910,15.0,Swatch,1070.0,Wien,Swatch Lady Vintage
954461264,10.0,Andere Marken,3350.0,Niederösterreich,Bench Armbanduhr
892154625,40.0,Jacques Lemans,4840.0,Oberösterreich,Jacques Lemans
1040572033,15.0,Swatch,1070.0,Wien,Swatch Lady Alphabet 1996
2045691750,20.0,Andere Marken,9990.0,Tirol,Brax Armbanduhr NEU
2099614328,390.0,Junghans,1100.0,Wien,Junghans Mega1 Funkuhr Sammlerstück NEU
2132939541,25.0,Swatch,1210.0,Wien,Swatch Irony Armbanduhr
1916901715,430.0,Seiko,8544.0,Steiermark,SEIKO Astron Sportura
1090530736,13.0,Andere Marken,8010.0,Steiermark,Herren Armbanduhr
1876419904,20.0,Swatch,1070.0,Wien,Swatch Lady Bleached 1992
834410475,90.0,Andere Marken,8052.0,Steiermark,Timberland Uhr NEUwertig
1006358254,800.0,Andere Marken,8544.0,Steiermark,HAMILTON Khaki Aviation
812642287,180.0,Seiko,2500.0,Niederösterreich,SEIKO Bell-Matic BJ: 1966 funktionsfähig
